timestamp,load_kw,price_yuan_per_kwh,ambient_temp_c,hour,weekday,is_weekend
2024-07-01 00:00:00,746.28,0.247,26.15,0,0,0
2024-07-01 00:15:00,749.1,0.247,25.38,0,0,0
2024-07-01 00:30:00,785.44,0.247,25.76,0,0,0
2024-07-01 00:45:00,810.98,0.247,26.23,0,0,0
2024-07-01 01:00:00,734.06,0.247,24.62,1,0,0
2024-07-01 01:15:00,788.01,0.247,24.43,1,0,0
2024-07-01 01:30:00,787.37,0.247,25.72,1,0,0
2024-07-01 01:45:00,833.32,0.247,24.93,1,0,0
2024-07-01 02:00:00,790.76,0.247,23.83,2,0,0
2024-07-01 02:15:00,809.19,0.247,24.55,2,0,0
2024-07-01 02:30:00,803.39,0.247,23.68,2,0,0
2024-07-01 02:45:00,748.87,0.247,23.64,2,0,0
2024-07-01 03:00:00,818.44,0.247,24.19,3,0,0
2024-07-01 03:15:00,805.17,0.247,22.48,3,0,0
2024-07-01 03:30:00,812.2,0.247,22.67,3,0,0
2024-07-01 03:45:00,894.23,0.247,23.67,3,0,0
2024-07-01 04:00:00,749.98,0.247,23.39,4,0,0
2024-07-01 04:15:00,841.39,0.247,24.57,4,0,0
2024-07-01 04:30:00,793.1,0.247,23.73,4,0,0
2024-07-01 04:45:00,806.9,0.247,23.49,4,0,0
2024-07-01 05:00:00,798.91,0.247,25.98,5,0,0
2024-07-01 05:15:00,789.82,0.247,24.83,5,0,0
2024-07-01 05:30:00,786.32,0.247,25.29,5,0,0
2024-07-01 05:45:00,807.91,0.247,24.35,5,0,0
2024-07-01 06:00:00,763.59,0.247,25.32,6,0,0
2024-07-01 06:15:00,818.01,0.247,26.13,6,0,0
2024-07-01 06:30:00,790.01,0.247,25.43,6,0,0
2024-07-01 06:45:00,772.88,0.247,26.97,6,0,0
2024-07-01 07:00:00,789.2,0.247,26.52,7,0,0
2024-07-01 07:15:00,889.46,0.247,27.11,7,0,0
2024-07-01 07:30:00,1077.34,0.247,27.22,7,0,0
2024-07-01 07:45:00,1448.98,0.247,29.55,7,0,0
2024-07-01 08:00:00,1592.21,0.65,28.44,8,0,0
2024-07-01 08:15:00,1656.6,0.65,27.98,8,0,0
2024-07-01 08:30:00,1771.73,0.65,29.87,8,0,0
2024-07-01 08:45:00,1777.0,0.65,28.63,8,0,0
2024-07-01 09:00:00,1770.17,0.65,30.17,9,0,0
2024-07-01 09:15:00,1751.26,0.65,28.82,9,0,0
2024-07-01 09:30:00,1778.86,0.65,29.72,9,0,0
2024-07-01 09:45:00,1939.58,0.65,31.33,9,0,0
2024-07-01 10:00:00,1872.4,1.105,32.14,10,0,0
2024-07-01 10:15:00,1950.26,1.105,32.07,10,0,0
2024-07-01 10:30:00,1898.87,1.105,32.2,10,0,0
2024-07-01 10:45:00,1909.35,1.105,32.41,10,0,0
2024-07-01 11:00:00,1874.38,1.38125,31.82,11,0,0
2024-07-01 11:15:00,1920.72,1.38125,32.76,11,0,0
2024-07-01 11:30:00,1911.74,1.38125,33.28,11,0,0
2024-07-01 11:45:00,1993.99,1.38125,34.8,11,0,0
2024-07-01 12:00:00,1733.45,0.65,34.52,12,0,0
2024-07-01 12:15:00,1638.93,0.65,33.1,12,0,0
2024-07-01 12:30:00,1721.23,0.65,35.02,12,0,0
2024-07-01 12:45:00,1639.66,0.65,34.68,12,0,0
2024-07-01 13:00:00,1997.34,0.65,34.65,13,0,0
2024-07-01 13:15:00,2189.59,0.65,35.87,13,0,0
2024-07-01 13:30:00,2222.4,0.65,36.37,13,0,0
2024-07-01 13:45:00,2273.86,0.65,36.43,13,0,0
2024-07-01 14:00:00,2074.58,1.105,35.12,14,0,0
2024-07-01 14:15:00,2134.01,1.105,35.64,14,0,0
2024-07-01 14:30:00,2079.86,1.105,36.21,14,0,0
2024-07-01 14:45:00,2197.59,1.105,36.77,14,0,0
2024-07-01 15:00:00,2226.97,1.38125,35.62,15,0,0
2024-07-01 15:15:00,2146.64,1.38125,35.84,15,0,0
2024-07-01 15:30:00,2174.91,1.38125,35.06,15,0,0
2024-07-01 15:45:00,2113.33,1.38125,34.93,15,0,0
2024-07-01 16:00:00,2230.73,1.38125,36.45,16,0,0
2024-07-01 16:15:00,2147.15,1.38125,36.77,16,0,0
2024-07-01 16:30:00,2151.88,1.38125,35.49,16,0,0
2024-07-01 16:45:00,1983.98,1.38125,36.18,16,0,0
2024-07-01 17:00:00,2121.16,1.105,35.49,17,0,0
2024-07-01 17:15:00,1967.37,1.105,34.47,17,0,0
2024-07-01 17:30:00,2167.84,1.105,35.05,17,0,0
2024-07-01 17:45:00,2170.91,1.105,35.74,17,0,0
2024-07-01 18:00:00,1566.62,1.105,34.21,18,0,0
2024-07-01 18:15:00,1620.24,1.105,35.21,18,0,0
2024-07-01 18:30:00,1327.3,1.105,31.56,18,0,0
2024-07-01 18:45:00,1502.48,1.105,33.99,18,0,0
2024-07-01 19:00:00,1394.53,0.65,33.07,19,0,0
2024-07-01 19:15:00,1288.01,0.65,32.41,19,0,0
2024-07-01 19:30:00,1304.12,0.65,32.37,19,0,0
2024-07-01 19:45:00,1117.1,0.65,30.34,19,0,0
2024-07-01 20:00:00,1129.84,0.65,31.38,20,0,0
2024-07-01 20:15:00,1107.11,0.65,31.46,20,0,0
2024-07-01 20:30:00,1092.95,0.65,31.97,20,0,0
2024-07-01 20:45:00,982.46,0.65,29.98,20,0,0
2024-07-01 21:00:00,999.09,0.65,29.35,21,0,0
2024-07-01 21:15:00,920.8,0.65,29.21,21,0,0
2024-07-01 21:30:00,927.4,0.65,29.95,21,0,0
2024-07-01 21:45:00,847.59,0.65,29.09,21,0,0
2024-07-01 22:00:00,759.25,0.65,28.02,22,0,0
2024-07-01 22:15:00,806.48,0.65,28.48,22,0,0
2024-07-01 22:30:00,754.11,0.65,27.78,22,0,0
2024-07-01 22:45:00,798.35,0.65,28.12,22,0,0
2024-07-01 23:00:00,767.16,0.65,26.44,23,0,0
2024-07-01 23:15:00,847.69,0.65,26.4,23,0,0
2024-07-01 23:30:00,821.87,0.65,26.03,23,0,0
2024-07-01 23:45:00,802.54,0.65,24.87,23,0,0
2024-07-02 00:00:00,830.33,0.247,25.99,0,1,0
2024-07-02 00:15:00,779.69,0.247,25.7,0,1,0
2024-07-02 00:30:00,813.04,0.247,25.24,0,1,0
2024-07-02 00:45:00,804.8,0.247,24.82,0,1,0
2024-07-02 01:00:00,806.34,0.247,23.67,1,1,0
2024-07-02 01:15:00,830.54,0.247,24.28,1,1,0
2024-07-02 01:30:00,817.58,0.247,24.18,1,1,0
2024-07-02 01:45:00,806.93,0.247,23.68,1,1,0
2024-07-02 02:00:00,760.28,0.247,24.08,2,1,0
2024-07-02 02:15:00,776.96,0.247,24.44,2,1,0
2024-07-02 02:30:00,797.05,0.247,25.56,2,1,0
2024-07-02 02:45:00,802.24,0.247,24.15,2,1,0
2024-07-02 03:00:00,772.88,0.247,24.21,3,1,0
2024-07-02 03:15:00,857.88,0.247,23.95,3,1,0
2024-07-02 03:30:00,836.39,0.247,22.52,3,1,0
2024-07-02 03:45:00,814.45,0.247,24.09,3,1,0
2024-07-02 04:00:00,801.73,0.247,24.25,4,1,0
2024-07-02 04:15:00,794.91,0.247,26.29,4,1,0
2024-07-02 04:30:00,777.15,0.247,24.3,4,1,0
2024-07-02 04:45:00,801.86,0.247,24.86,4,1,0
2024-07-02 05:00:00,806.19,0.247,24.78,5,1,0
2024-07-02 05:15:00,770.2,0.247,24.08,5,1,0
2024-07-02 05:30:00,808.02,0.247,26.15,5,1,0
2024-07-02 05:45:00,796.27,0.247,26.09,5,1,0
2024-07-02 06:00:00,754.21,0.247,26.39,6,1,0
2024-07-02 06:15:00,779.35,0.247,25.32,6,1,0
2024-07-02 06:30:00,790.07,0.247,27.47,6,1,0
2024-07-02 06:45:00,845.3,0.247,25.55,6,1,0
2024-07-02 07:00:00,813.36,0.247,27.47,7,1,0
2024-07-02 07:15:00,877.84,0.247,29.1,7,1,0
2024-07-02 07:30:00,1099.3,0.247,26.91,7,1,0
2024-07-02 07:45:00,1284.68,0.247,27.62,7,1,0
2024-07-02 08:00:00,1685.69,0.65,28.53,8,1,0
2024-07-02 08:15:00,1620.05,0.65,28.43,8,1,0
2024-07-02 08:30:00,1629.85,0.65,27.98,8,1,0
2024-07-02 08:45:00,1808.46,0.65,29.66,8,1,0
2024-07-02 09:00:00,1657.68,0.65,29.15,9,1,0
2024-07-02 09:15:00,1746.85,0.65,30.77,9,1,0
2024-07-02 09:30:00,1760.24,0.65,30.05,9,1,0
2024-07-02 09:45:00,1986.63,0.65,32.41,9,1,0
2024-07-02 10:00:00,1762.4,1.105,30.93,10,1,0
2024-07-02 10:15:00,1725.65,1.105,31.67,10,1,0
2024-07-02 10:30:00,1924.45,1.105,32.95,10,1,0
2024-07-02 10:45:00,1903.35,1.105,31.67,10,1,0
2024-07-02 11:00:00,2013.4,1.38125,33.18,11,1,0
2024-07-02 11:15:00,1966.09,1.38125,34.38,11,1,0
2024-07-02 11:30:00,1846.27,1.38125,32.37,11,1,0
2024-07-02 11:45:00,2011.53,1.38125,34.1,11,1,0
2024-07-02 12:00:00,1559.44,0.65,34.45,12,1,0
2024-07-02 12:15:00,1663.1,0.65,35.14,12,1,0
2024-07-02 12:30:00,1631.03,0.65,33.77,12,1,0
2024-07-02 12:45:00,1650.94,0.65,33.93,12,1,0
2024-07-02 13:00:00,2072.76,0.65,35.61,13,1,0
2024-07-02 13:15:00,2116.83,0.65,35.62,13,1,0
2024-07-02 13:30:00,1971.71,0.65,35.74,13,1,0
2024-07-02 13:45:00,2109.04,0.65,35.96,13,1,0
2024-07-02 14:00:00,2148.85,1.105,35.25,14,1,0
2024-07-02 14:15:00,2109.13,1.105,36.07,14,1,0
2024-07-02 14:30:00,2189.59,1.105,36.18,14,1,0
2024-07-02 14:45:00,2176.14,1.105,35.42,14,1,0
2024-07-02 15:00:00,2245.23,1.38125,37.49,15,1,0
2024-07-02 15:15:00,2218.3,1.38125,36.37,15,1,0
2024-07-02 15:30:00,2068.53,1.38125,35.0,15,1,0
2024-07-02 15:45:00,2195.79,1.38125,36.41,15,1,0
2024-07-02 16:00:00,2167.26,1.38125,35.02,16,1,0
2024-07-02 16:15:00,2208.32,1.38125,36.31,16,1,0
2024-07-02 16:30:00,2163.17,1.38125,36.47,16,1,0
2024-07-02 16:45:00,2111.59,1.38125,34.72,16,1,0
2024-07-02 17:00:00,2206.41,1.105,35.97,17,1,0
2024-07-02 17:15:00,1985.69,1.105,35.32,17,1,0
2024-07-02 17:30:00,2186.11,1.105,35.42,17,1,0
2024-07-02 17:45:00,2115.77,1.105,36.03,17,1,0
2024-07-02 18:00:00,1557.58,1.105,34.05,18,1,0
2024-07-02 18:15:00,1526.39,1.105,33.35,18,1,0
2024-07-02 18:30:00,1363.11,1.105,32.94,18,1,0
2024-07-02 18:45:00,1347.19,1.105,32.68,18,1,0
2024-07-02 19:00:00,1339.89,0.65,32.94,19,1,0
2024-07-02 19:15:00,1285.25,0.65,32.93,19,1,0
2024-07-02 19:30:00,1332.41,0.65,32.52,19,1,0
2024-07-02 19:45:00,1202.78,0.65,32.59,19,1,0
2024-07-02 20:00:00,1145.43,0.65,31.56,20,1,0
2024-07-02 20:15:00,1163.86,0.65,32.33,20,1,0
2024-07-02 20:30:00,1027.31,0.65,30.57,20,1,0
2024-07-02 20:45:00,1082.38,0.65,32.57,20,1,0
2024-07-02 21:00:00,1007.87,0.65,30.5,21,1,0
2024-07-02 21:15:00,910.52,0.65,28.92,21,1,0
2024-07-02 21:30:00,870.4,0.65,28.36,21,1,0
2024-07-02 21:45:00,851.95,0.65,29.22,21,1,0
2024-07-02 22:00:00,772.76,0.65,28.27,22,1,0
2024-07-02 22:15:00,807.72,0.65,28.64,22,1,0
2024-07-02 22:30:00,842.12,0.65,28.08,22,1,0
2024-07-02 22:45:00,800.44,0.65,27.29,22,1,0
2024-07-02 23:00:00,805.41,0.65,26.32,23,1,0
2024-07-02 23:15:00,816.63,0.65,25.45,23,1,0
2024-07-02 23:30:00,769.54,0.65,25.99,23,1,0
2024-07-02 23:45:00,840.86,0.65,26.73,23,1,0
2024-07-03 00:00:00,804.86,0.247,25.93,0,2,0
2024-07-03 00:15:00,839.16,0.247,24.49,0,2,0
2024-07-03 00:30:00,782.41,0.247,25.38,0,2,0
2024-07-03 00:45:00,843.63,0.247,25.32,0,2,0
2024-07-03 01:00:00,818.6,0.247,24.1,1,2,0
2024-07-03 01:15:00,813.27,0.247,24.74,1,2,0
2024-07-03 01:30:00,805.62,0.247,24.5,1,2,0
2024-07-03 01:45:00,794.04,0.247,23.4,1,2,0
2024-07-03 02:00:00,828.81,0.247,24.49,2,2,0
2024-07-03 02:15:00,803.37,0.247,24.56,2,2,0
2024-07-03 02:30:00,752.79,0.247,24.92,2,2,0
2024-07-03 02:45:00,773.19,0.247,24.86,2,2,0
2024-07-03 03:00:00,795.54,0.247,22.9,3,2,0
2024-07-03 03:15:00,807.44,0.247,23.26,3,2,0
2024-07-03 03:30:00,798.64,0.247,24.46,3,2,0
2024-07-03 03:45:00,829.26,0.247,24.53,3,2,0
2024-07-03 04:00:00,753.17,0.247,24.62,4,2,0
2024-07-03 04:15:00,803.45,0.247,27.4,4,2,0
2024-07-03 04:30:00,756.37,0.247,24.91,4,2,0
2024-07-03 04:45:00,818.23,0.247,25.53,4,2,0
2024-07-03 05:00:00,797.73,0.247,25.57,5,2,0
2024-07-03 05:15:00,810.07,0.247,25.53,5,2,0
2024-07-03 05:30:00,779.27,0.247,24.99,5,2,0
2024-07-03 05:45:00,830.71,0.247,26.1,5,2,0
2024-07-03 06:00:00,825.0,0.247,25.14,6,2,0
2024-07-03 06:15:00,814.01,0.247,25.85,6,2,0
2024-07-03 06:30:00,796.89,0.247,25.96,6,2,0
2024-07-03 06:45:00,813.92,0.247,26.73,6,2,0
2024-07-03 07:00:00,783.03,0.247,28.85,7,2,0
2024-07-03 07:15:00,846.18,0.247,25.85,7,2,0
2024-07-03 07:30:00,1188.85,0.247,28.25,7,2,0
2024-07-03 07:45:00,1351.93,0.247,26.78,7,2,0
2024-07-03 08:00:00,1573.44,0.65,28.07,8,2,0
2024-07-03 08:15:00,1729.36,0.65,29.7,8,2,0
2024-07-03 08:30:00,1637.48,0.65,29.27,8,2,0
2024-07-03 08:45:00,1718.82,0.65,28.75,8,2,0
2024-07-03 09:00:00,1762.87,0.65,29.43,9,2,0
2024-07-03 09:15:00,1729.5,0.65,30.94,9,2,0
2024-07-03 09:30:00,1737.18,0.65,30.2,9,2,0
2024-07-03 09:45:00,1852.0,0.65,31.34,9,2,0
2024-07-03 10:00:00,1866.12,1.105,31.59,10,2,0
2024-07-03 10:15:00,1803.47,1.105,31.41,10,2,0
2024-07-03 10:30:00,2032.76,1.105,34.01,10,2,0
2024-07-03 10:45:00,1968.68,1.105,33.16,10,2,0
2024-07-03 11:00:00,1834.71,1.38125,31.38,11,2,0
2024-07-03 11:15:00,1901.31,1.38125,33.48,11,2,0
2024-07-03 11:30:00,1969.91,1.38125,33.12,11,2,0
2024-07-03 11:45:00,2070.51,1.38125,34.64,11,2,0
2024-07-03 12:00:00,1591.11,0.65,33.61,12,2,0
2024-07-03 12:15:00,1620.39,0.65,34.42,12,2,0
2024-07-03 12:30:00,1708.76,0.65,35.16,12,2,0
2024-07-03 12:45:00,1688.7,0.65,35.68,12,2,0
2024-07-03 13:00:00,2020.52,0.65,34.24,13,2,0
2024-07-03 13:15:00,2132.98,0.65,35.11,13,2,0
2024-07-03 13:30:00,1978.29,0.65,35.16,13,2,0
2024-07-03 13:45:00,2190.19,0.65,35.16,13,2,0
2024-07-03 14:00:00,2234.52,1.105,37.21,14,2,0
2024-07-03 14:15:00,2154.02,1.105,36.21,14,2,0
2024-07-03 14:30:00,2109.95,1.105,34.94,14,2,0
2024-07-03 14:45:00,2218.66,1.105,36.72,14,2,0
2024-07-03 15:00:00,2161.73,1.38125,37.7,15,2,0
2024-07-03 15:15:00,2332.46,1.38125,36.81,15,2,0
2024-07-03 15:30:00,2117.79,1.38125,34.73,15,2,0
2024-07-03 15:45:00,2186.44,1.38125,35.5,15,2,0
2024-07-03 16:00:00,2293.49,1.38125,36.81,16,2,0
2024-07-03 16:15:00,2065.11,1.38125,35.12,16,2,0
2024-07-03 16:30:00,2200.48,1.38125,35.9,16,2,0
2024-07-03 16:45:00,2151.84,1.38125,36.0,16,2,0
2024-07-03 17:00:00,2128.06,1.105,34.45,17,2,0
2024-07-03 17:15:00,1961.03,1.105,34.94,17,2,0
2024-07-03 17:30:00,1926.13,1.105,32.17,17,2,0
2024-07-03 17:45:00,1971.62,1.105,33.69,17,2,0
2024-07-03 18:00:00,1557.65,1.105,34.04,18,2,0
2024-07-03 18:15:00,1477.8,1.105,32.96,18,2,0
2024-07-03 18:30:00,1470.48,1.105,34.96,18,2,0
2024-07-03 18:45:00,1328.3,1.105,32.19,18,2,0
2024-07-03 19:00:00,1336.09,0.65,32.65,19,2,0
2024-07-03 19:15:00,1274.72,0.65,32.76,19,2,0
2024-07-03 19:30:00,1332.96,0.65,33.45,19,2,0
2024-07-03 19:45:00,1157.98,0.65,30.78,19,2,0
2024-07-03 20:00:00,1091.92,0.65,32.48,20,2,0
2024-07-03 20:15:00,1105.92,0.65,31.18,20,2,0
2024-07-03 20:30:00,1014.68,0.65,30.0,20,2,0
2024-07-03 20:45:00,988.22,0.65,30.76,20,2,0
2024-07-03 21:00:00,951.38,0.65,30.16,21,2,0
2024-07-03 21:15:00,928.74,0.65,29.13,21,2,0
2024-07-03 21:30:00,934.42,0.65,29.27,21,2,0
2024-07-03 21:45:00,854.74,0.65,28.52,21,2,0
2024-07-03 22:00:00,801.76,0.65,28.54,22,2,0
2024-07-03 22:15:00,810.94,0.65,28.6,22,2,0
2024-07-03 22:30:00,788.98,0.65,28.97,22,2,0
2024-07-03 22:45:00,783.33,0.65,26.36,22,2,0
2024-07-03 23:00:00,772.3,0.65,28.71,23,2,0
2024-07-03 23:15:00,757.96,0.65,25.1,23,2,0
2024-07-03 23:30:00,790.64,0.65,26.23,23,2,0
2024-07-03 23:45:00,803.79,0.65,26.51,23,2,0
2024-07-04 00:00:00,797.68,0.247,25.98,0,3,0
2024-07-04 00:15:00,790.02,0.247,24.99,0,3,0
2024-07-04 00:30:00,777.3,0.247,25.07,0,3,0
2024-07-04 00:45:00,814.6,0.247,24.62,0,3,0
2024-07-04 01:00:00,768.39,0.247,24.33,1,3,0
2024-07-04 01:15:00,818.62,0.247,25.3,1,3,0
2024-07-04 01:30:00,775.95,0.247,24.74,1,3,0
2024-07-04 01:45:00,781.94,0.247,23.76,1,3,0
2024-07-04 02:00:00,764.8,0.247,24.92,2,3,0
2024-07-04 02:15:00,787.97,0.247,24.36,2,3,0
2024-07-04 02:30:00,823.41,0.247,24.7,2,3,0
2024-07-04 02:45:00,812.38,0.247,24.52,2,3,0
2024-07-04 03:00:00,823.48,0.247,23.34,3,3,0
2024-07-04 03:15:00,812.53,0.247,23.56,3,3,0
2024-07-04 03:30:00,773.51,0.247,24.65,3,3,0
2024-07-04 03:45:00,792.06,0.247,24.6,3,3,0
2024-07-04 04:00:00,781.28,0.247,24.19,4,3,0
2024-07-04 04:15:00,831.93,0.247,24.41,4,3,0
2024-07-04 04:30:00,771.28,0.247,25.48,4,3,0
2024-07-04 04:45:00,821.45,0.247,24.15,4,3,0
2024-07-04 05:00:00,821.43,0.247,25.24,5,3,0
2024-07-04 05:15:00,843.91,0.247,24.85,5,3,0
2024-07-04 05:30:00,790.17,0.247,25.07,5,3,0
2024-07-04 05:45:00,817.1,0.247,26.37,5,3,0
2024-07-04 06:00:00,854.76,0.247,26.42,6,3,0
2024-07-04 06:15:00,785.18,0.247,26.69,6,3,0
2024-07-04 06:30:00,763.16,0.247,27.39,6,3,0
2024-07-04 06:45:00,754.88,0.247,26.68,6,3,0
2024-07-04 07:00:00,817.11,0.247,27.55,7,3,0
2024-07-04 07:15:00,808.31,0.247,27.1,7,3,0
2024-07-04 07:30:00,1109.61,0.247,27.96,7,3,0
2024-07-04 07:45:00,1380.67,0.247,27.97,7,3,0
2024-07-04 08:00:00,1641.62,0.65,28.52,8,3,0
2024-07-04 08:15:00,1711.44,0.65,29.31,8,3,0
2024-07-04 08:30:00,1676.9,0.65,28.56,8,3,0
2024-07-04 08:45:00,1896.73,0.65,31.28,8,3,0
2024-07-04 09:00:00,1677.38,0.65,29.2,9,3,0
2024-07-04 09:15:00,1713.9,0.65,29.42,9,3,0
2024-07-04 09:30:00,1839.25,0.65,31.71,9,3,0
2024-07-04 09:45:00,1940.36,0.65,31.8,9,3,0
2024-07-04 10:00:00,1960.18,1.105,32.05,10,3,0
2024-07-04 10:15:00,1953.86,1.105,32.43,10,3,0
2024-07-04 10:30:00,1982.54,1.105,32.29,10,3,0
2024-07-04 10:45:00,1820.27,1.105,31.94,10,3,0
2024-07-04 11:00:00,2033.7,1.38125,33.06,11,3,0
2024-07-04 11:15:00,1995.33,1.38125,32.79,11,3,0
2024-07-04 11:30:00,2023.58,1.38125,34.43,11,3,0
2024-07-04 11:45:00,2033.34,1.38125,33.84,11,3,0
2024-07-04 12:00:00,1533.18,0.65,33.58,12,3,0
2024-07-04 12:15:00,1617.48,0.65,34.25,12,3,0
2024-07-04 12:30:00,1643.59,0.65,35.09,12,3,0
2024-07-04 12:45:00,1691.84,0.65,34.54,12,3,0
2024-07-04 13:00:00,1981.23,0.65,34.54,13,3,0
2024-07-04 13:15:00,2160.29,0.65,35.58,13,3,0
2024-07-04 13:30:00,2218.12,0.65,35.74,13,3,0
2024-07-04 13:45:00,2157.48,0.65,35.28,13,3,0
2024-07-04 14:00:00,2147.5,1.105,35.42,14,3,0
2024-07-04 14:15:00,2108.76,1.105,36.07,14,3,0
2024-07-04 14:30:00,2053.63,1.105,34.79,14,3,0
2024-07-04 14:45:00,2195.33,1.105,34.86,14,3,0
2024-07-04 15:00:00,2201.79,1.38125,35.43,15,3,0
2024-07-04 15:15:00,2173.3,1.38125,35.82,15,3,0
2024-07-04 15:30:00,2170.63,1.38125,36.2,15,3,0
2024-07-04 15:45:00,2110.08,1.38125,37.06,15,3,0
2024-07-04 16:00:00,2140.26,1.38125,36.48,16,3,0
2024-07-04 16:15:00,2278.73,1.38125,35.55,16,3,0
2024-07-04 16:30:00,2066.24,1.38125,35.53,16,3,0
2024-07-04 16:45:00,2101.18,1.38125,34.58,16,3,0
2024-07-04 17:00:00,2180.03,1.105,35.18,17,3,0
2024-07-04 17:15:00,2006.0,1.105,34.76,17,3,0
2024-07-04 17:30:00,2102.01,1.105,35.02,17,3,0
2024-07-04 17:45:00,2073.41,1.105,33.85,17,3,0
2024-07-04 18:00:00,1564.23,1.105,34.66,18,3,0
2024-07-04 18:15:00,1681.74,1.105,35.18,18,3,0
2024-07-04 18:30:00,1374.19,1.105,33.57,18,3,0
2024-07-04 18:45:00,1459.45,1.105,33.65,18,3,0
2024-07-04 19:00:00,1367.82,0.65,33.55,19,3,0
2024-07-04 19:15:00,1324.15,0.65,32.33,19,3,0
2024-07-04 19:30:00,1281.72,0.65,32.48,19,3,0
2024-07-04 19:45:00,1184.98,0.65,31.94,19,3,0
2024-07-04 20:00:00,1175.18,0.65,31.63,20,3,0
2024-07-04 20:15:00,1036.55,0.65,30.55,20,3,0
2024-07-04 20:30:00,1092.61,0.65,30.8,20,3,0
2024-07-04 20:45:00,1049.27,0.65,30.79,20,3,0
2024-07-04 21:00:00,1037.81,0.65,31.16,21,3,0
2024-07-04 21:15:00,992.68,0.65,30.37,21,3,0
2024-07-04 21:30:00,956.06,0.65,30.94,21,3,0
2024-07-04 21:45:00,842.19,0.65,28.22,21,3,0
2024-07-04 22:00:00,810.55,0.65,29.14,22,3,0
2024-07-04 22:15:00,782.91,0.65,28.22,22,3,0
2024-07-04 22:30:00,828.48,0.65,29.46,22,3,0
2024-07-04 22:45:00,834.47,0.65,26.7,22,3,0
2024-07-04 23:00:00,794.29,0.65,26.33,23,3,0
2024-07-04 23:15:00,801.1,0.65,26.19,23,3,0
2024-07-04 23:30:00,778.29,0.65,24.65,23,3,0
2024-07-04 23:45:00,828.15,0.65,25.62,23,3,0
2024-07-05 00:00:00,815.97,0.247,25.15,0,4,0
2024-07-05 00:15:00,846.59,0.247,25.61,0,4,0
2024-07-05 00:30:00,778.92,0.247,25.51,0,4,0
2024-07-05 00:45:00,790.93,0.247,26.51,0,4,0
2024-07-05 01:00:00,805.55,0.247,25.56,1,4,0
2024-07-05 01:15:00,815.52,0.247,24.16,1,4,0
2024-07-05 01:30:00,794.82,0.247,23.74,1,4,0
2024-07-05 01:45:00,779.05,0.247,24.71,1,4,0
2024-07-05 02:00:00,821.15,0.247,23.15,2,4,0
2024-07-05 02:15:00,817.31,0.247,25.58,2,4,0
2024-07-05 02:30:00,778.01,0.247,24.99,2,4,0
2024-07-05 02:45:00,832.53,0.247,23.64,2,4,0
2024-07-05 03:00:00,828.08,0.247,22.63,3,4,0
2024-07-05 03:15:00,803.22,0.247,25.1,3,4,0
2024-07-05 03:30:00,801.91,0.247,23.96,3,4,0
2024-07-05 03:45:00,813.3,0.247,25.11,3,4,0
2024-07-05 04:00:00,779.32,0.247,22.93,4,4,0
2024-07-05 04:15:00,800.72,0.247,23.84,4,4,0
2024-07-05 04:30:00,748.34,0.247,24.46,4,4,0
2024-07-05 04:45:00,821.03,0.247,24.66,4,4,0
2024-07-05 05:00:00,762.52,0.247,24.44,5,4,0
2024-07-05 05:15:00,836.08,0.247,25.51,5,4,0
2024-07-05 05:30:00,792.08,0.247,24.39,5,4,0
2024-07-05 05:45:00,794.92,0.247,25.38,5,4,0
2024-07-05 06:00:00,784.93,0.247,25.85,6,4,0
2024-07-05 06:15:00,793.09,0.247,26.46,6,4,0
2024-07-05 06:30:00,834.04,0.247,26.92,6,4,0
2024-07-05 06:45:00,740.29,0.247,25.77,6,4,0
2024-07-05 07:00:00,830.65,0.247,25.77,7,4,0
2024-07-05 07:15:00,902.45,0.247,28.37,7,4,0
2024-07-05 07:30:00,1081.75,0.247,27.97,7,4,0
2024-07-05 07:45:00,1297.46,0.247,27.47,7,4,0
2024-07-05 08:00:00,1778.8,0.65,29.69,8,4,0
2024-07-05 08:15:00,1622.18,0.65,28.92,8,4,0
2024-07-05 08:30:00,1690.7,0.65,30.16,8,4,0
2024-07-05 08:45:00,1798.58,0.65,29.66,8,4,0
2024-07-05 09:00:00,1878.96,0.65,31.65,9,4,0
2024-07-05 09:15:00,1826.46,0.65,31.8,9,4,0
2024-07-05 09:30:00,1832.9,0.65,30.58,9,4,0
2024-07-05 09:45:00,1842.63,0.65,31.95,9,4,0
2024-07-05 10:00:00,1972.63,1.105,32.07,10,4,0
2024-07-05 10:15:00,2022.8,1.105,33.02,10,4,0
2024-07-05 10:30:00,1902.6,1.105,31.52,10,4,0
2024-07-05 10:45:00,1977.44,1.105,33.2,10,4,0
2024-07-05 11:00:00,2084.14,1.38125,33.85,11,4,0
2024-07-05 11:15:00,1861.43,1.38125,31.93,11,4,0
2024-07-05 11:30:00,1820.58,1.38125,32.71,11,4,0
2024-07-05 11:45:00,1874.86,1.38125,32.32,11,4,0
2024-07-05 12:00:00,1735.42,0.65,34.03,12,4,0
2024-07-05 12:15:00,1629.26,0.65,35.09,12,4,0
2024-07-05 12:30:00,1700.91,0.65,35.96,12,4,0
2024-07-05 12:45:00,1699.74,0.65,35.05,12,4,0
2024-07-05 13:00:00,2150.28,0.65,36.5,13,4,0
2024-07-05 13:15:00,1980.23,0.65,34.28,13,4,0
2024-07-05 13:30:00,2112.63,0.65,34.18,13,4,0
2024-07-05 13:45:00,2282.07,0.65,35.64,13,4,0
2024-07-05 14:00:00,2180.48,1.105,36.1,14,4,0
2024-07-05 14:15:00,2102.63,1.105,35.86,14,4,0
2024-07-05 14:30:00,1982.6,1.105,34.29,14,4,0
2024-07-05 14:45:00,2192.46,1.105,35.92,14,4,0
2024-07-05 15:00:00,2195.31,1.38125,34.96,15,4,0
2024-07-05 15:15:00,2247.48,1.38125,36.52,15,4,0
2024-07-05 15:30:00,2200.56,1.38125,36.24,15,4,0
2024-07-05 15:45:00,2099.32,1.38125,35.13,15,4,0
2024-07-05 16:00:00,2078.76,1.38125,35.38,16,4,0
2024-07-05 16:15:00,2167.43,1.38125,34.83,16,4,0
2024-07-05 16:30:00,2205.66,1.38125,35.49,16,4,0
2024-07-05 16:45:00,2076.41,1.38125,36.15,16,4,0
2024-07-05 17:00:00,2171.56,1.105,34.41,17,4,0
2024-07-05 17:15:00,2156.39,1.105,35.39,17,4,0
2024-07-05 17:30:00,2138.66,1.105,34.34,17,4,0
2024-07-05 17:45:00,1936.93,1.105,33.88,17,4,0
2024-07-05 18:00:00,1479.39,1.105,34.16,18,4,0
2024-07-05 18:15:00,1457.69,1.105,33.13,18,4,0
2024-07-05 18:30:00,1453.97,1.105,33.21,18,4,0
2024-07-05 18:45:00,1438.09,1.105,32.38,18,4,0
2024-07-05 19:00:00,1443.71,0.65,34.57,19,4,0
2024-07-05 19:15:00,1297.61,0.65,32.68,19,4,0
2024-07-05 19:30:00,1200.17,0.65,31.74,19,4,0
2024-07-05 19:45:00,1262.2,0.65,32.1,19,4,0
2024-07-05 20:00:00,1127.81,0.65,31.46,20,4,0
2024-07-05 20:15:00,1166.72,0.65,30.99,20,4,0
2024-07-05 20:30:00,1079.07,0.65,31.27,20,4,0
2024-07-05 20:45:00,1096.37,0.65,31.0,20,4,0
2024-07-05 21:00:00,990.2,0.65,29.58,21,4,0
2024-07-05 21:15:00,922.47,0.65,29.15,21,4,0
2024-07-05 21:30:00,876.94,0.65,29.0,21,4,0
2024-07-05 21:45:00,796.8,0.65,26.99,21,4,0
2024-07-05 22:00:00,810.28,0.65,27.23,22,4,0
2024-07-05 22:15:00,814.13,0.65,29.16,22,4,0
2024-07-05 22:30:00,785.75,0.65,29.02,22,4,0
2024-07-05 22:45:00,796.02,0.65,27.15,22,4,0
2024-07-05 23:00:00,801.89,0.65,27.46,23,4,0
2024-07-05 23:15:00,748.91,0.65,26.92,23,4,0
2024-07-05 23:30:00,811.0,0.65,28.81,23,4,0
2024-07-05 23:45:00,776.49,0.65,26.94,23,4,0
2024-07-06 00:00:00,772.32,0.247,25.66,0,5,1
2024-07-06 00:15:00,759.5,0.247,24.72,0,5,1
2024-07-06 00:30:00,756.95,0.247,23.95,0,5,1
2024-07-06 00:45:00,767.47,0.247,25.17,0,5,1
2024-07-06 01:00:00,782.98,0.247,24.2,1,5,1
2024-07-06 01:15:00,846.88,0.247,23.48,1,5,1
2024-07-06 01:30:00,787.38,0.247,23.94,1,5,1
2024-07-06 01:45:00,804.27,0.247,23.45,1,5,1
2024-07-06 02:00:00,809.61,0.247,25.55,2,5,1
2024-07-06 02:15:00,803.15,0.247,24.82,2,5,1
2024-07-06 02:30:00,798.14,0.247,24.04,2,5,1
2024-07-06 02:45:00,771.31,0.247,25.2,2,5,1
2024-07-06 03:00:00,834.82,0.247,24.06,3,5,1
2024-07-06 03:15:00,843.37,0.247,23.32,3,5,1
2024-07-06 03:30:00,759.62,0.247,25.27,3,5,1
2024-07-06 03:45:00,775.42,0.247,24.55,3,5,1
2024-07-06 04:00:00,793.28,0.247,23.37,4,5,1
2024-07-06 04:15:00,776.85,0.247,24.17,4,5,1
2024-07-06 04:30:00,812.14,0.247,23.76,4,5,1
2024-07-06 04:45:00,782.52,0.247,23.51,4,5,1
2024-07-06 05:00:00,851.96,0.247,25.54,5,5,1
2024-07-06 05:15:00,828.57,0.247,26.54,5,5,1
2024-07-06 05:30:00,805.1,0.247,24.12,5,5,1
2024-07-06 05:45:00,824.65,0.247,25.94,5,5,1
2024-07-06 06:00:00,826.54,0.247,25.24,6,5,1
2024-07-06 06:15:00,786.47,0.247,25.65,6,5,1
2024-07-06 06:30:00,780.41,0.247,25.87,6,5,1
2024-07-06 06:45:00,801.88,0.247,25.98,6,5,1
2024-07-06 07:00:00,820.68,0.247,27.04,7,5,1
2024-07-06 07:15:00,803.34,0.247,26.68,7,5,1
2024-07-06 07:30:00,762.15,0.247,27.92,7,5,1
2024-07-06 07:45:00,932.92,0.247,28.03,7,5,1
2024-07-06 08:00:00,1130.39,0.65,28.26,8,5,1
2024-07-06 08:15:00,1135.71,0.65,28.1,8,5,1
2024-07-06 08:30:00,1242.72,0.65,28.76,8,5,1
2024-07-06 08:45:00,1186.77,0.65,30.21,8,5,1
2024-07-06 09:00:00,1273.6,0.65,30.4,9,5,1
2024-07-06 09:15:00,1286.88,0.65,29.61,9,5,1
2024-07-06 09:30:00,1373.06,0.65,30.86,9,5,1
2024-07-06 09:45:00,1307.94,0.65,31.77,9,5,1
2024-07-06 10:00:00,1283.89,1.105,30.22,10,5,1
2024-07-06 10:15:00,1369.83,1.105,32.36,10,5,1
2024-07-06 10:30:00,1327.93,1.105,31.77,10,5,1
2024-07-06 10:45:00,1361.77,1.105,33.11,10,5,1
2024-07-06 11:00:00,1347.63,1.38125,32.39,11,5,1
2024-07-06 11:15:00,1202.74,1.38125,31.89,11,5,1
2024-07-06 11:30:00,1334.7,1.38125,32.35,11,5,1
2024-07-06 11:45:00,1362.04,1.38125,33.99,11,5,1
2024-07-06 12:00:00,1148.75,0.65,34.45,12,5,1
2024-07-06 12:15:00,1205.51,0.65,33.79,12,5,1
2024-07-06 12:30:00,1158.17,0.65,35.27,12,5,1
2024-07-06 12:45:00,1118.08,0.65,33.66,12,5,1
2024-07-06 13:00:00,1542.27,0.65,35.14,13,5,1
2024-07-06 13:15:00,1397.71,0.65,34.41,13,5,1
2024-07-06 13:30:00,1439.28,0.65,35.02,13,5,1
2024-07-06 13:45:00,1490.12,0.65,35.72,13,5,1
2024-07-06 14:00:00,1515.63,1.105,35.11,14,5,1
2024-07-06 14:15:00,1511.16,1.105,35.58,14,5,1
2024-07-06 14:30:00,1492.33,1.105,36.75,14,5,1
2024-07-06 14:45:00,1483.43,1.105,35.53,14,5,1
2024-07-06 15:00:00,1526.98,1.38125,36.67,15,5,1
2024-07-06 15:15:00,1490.55,1.38125,35.08,15,5,1
2024-07-06 15:30:00,1565.43,1.38125,36.37,15,5,1
2024-07-06 15:45:00,1591.28,1.38125,37.04,15,5,1
2024-07-06 16:00:00,1365.49,1.38125,33.82,16,5,1
2024-07-06 16:15:00,1535.95,1.38125,35.04,16,5,1
2024-07-06 16:30:00,1534.51,1.38125,36.0,16,5,1
2024-07-06 16:45:00,1549.48,1.38125,35.22,16,5,1
2024-07-06 17:00:00,1513.38,1.105,35.49,17,5,1
2024-07-06 17:15:00,1497.15,1.105,34.51,17,5,1
2024-07-06 17:30:00,1476.32,1.105,34.83,17,5,1
2024-07-06 17:45:00,1490.34,1.105,34.39,17,5,1
2024-07-06 18:00:00,1127.19,1.105,35.18,18,5,1
2024-07-06 18:15:00,1051.48,1.105,34.16,18,5,1
2024-07-06 18:30:00,1092.35,1.105,33.92,18,5,1
2024-07-06 18:45:00,998.31,1.105,33.0,18,5,1
2024-07-06 19:00:00,953.5,0.65,32.61,19,5,1
2024-07-06 19:15:00,870.61,0.65,32.31,19,5,1
2024-07-06 19:30:00,854.57,0.65,32.61,19,5,1
2024-07-06 19:45:00,846.99,0.65,31.59,19,5,1
2024-07-06 20:00:00,824.27,0.65,31.78,20,5,1
2024-07-06 20:15:00,806.15,0.65,32.83,20,5,1
2024-07-06 20:30:00,803.38,0.65,31.48,20,5,1
2024-07-06 20:45:00,838.13,0.65,30.13,20,5,1
2024-07-06 21:00:00,816.69,0.65,30.96,21,5,1
2024-07-06 21:15:00,772.62,0.65,29.28,21,5,1
2024-07-06 21:30:00,797.32,0.65,27.59,21,5,1
2024-07-06 21:45:00,780.68,0.65,28.02,21,5,1
2024-07-06 22:00:00,790.7,0.65,26.95,22,5,1
2024-07-06 22:15:00,790.07,0.65,27.79,22,5,1
2024-07-06 22:30:00,788.54,0.65,27.72,22,5,1
2024-07-06 22:45:00,769.88,0.65,28.69,22,5,1
2024-07-06 23:00:00,796.94,0.65,27.26,23,5,1
2024-07-06 23:15:00,786.55,0.65,26.49,23,5,1
2024-07-06 23:30:00,729.69,0.65,27.01,23,5,1
2024-07-06 23:45:00,849.27,0.65,24.28,23,5,1
2024-07-07 00:00:00,826.13,0.247,25.95,0,6,1
2024-07-07 00:15:00,790.97,0.247,26.11,0,6,1
2024-07-07 00:30:00,800.45,0.247,24.06,0,6,1
2024-07-07 00:45:00,771.88,0.247,25.93,0,6,1
2024-07-07 01:00:00,840.7,0.247,25.07,1,6,1
2024-07-07 01:15:00,845.53,0.247,24.29,1,6,1
2024-07-07 01:30:00,803.76,0.247,24.96,1,6,1
2024-07-07 01:45:00,824.56,0.247,26.13,1,6,1
2024-07-07 02:00:00,804.21,0.247,24.35,2,6,1
2024-07-07 02:15:00,767.92,0.247,24.31,2,6,1
2024-07-07 02:30:00,790.12,0.247,23.68,2,6,1
2024-07-07 02:45:00,803.17,0.247,23.33,2,6,1
2024-07-07 03:00:00,789.09,0.247,24.66,3,6,1
2024-07-07 03:15:00,794.75,0.247,23.33,3,6,1
2024-07-07 03:30:00,797.81,0.247,24.11,3,6,1
2024-07-07 03:45:00,798.06,0.247,23.73,3,6,1
2024-07-07 04:00:00,801.25,0.247,24.59,4,6,1
2024-07-07 04:15:00,774.55,0.247,24.59,4,6,1
2024-07-07 04:30:00,782.79,0.247,25.29,4,6,1
2024-07-07 04:45:00,769.17,0.247,24.21,4,6,1
2024-07-07 05:00:00,823.47,0.247,24.59,5,6,1
2024-07-07 05:15:00,749.46,0.247,24.23,5,6,1
2024-07-07 05:30:00,827.69,0.247,24.88,5,6,1
2024-07-07 05:45:00,833.27,0.247,25.79,5,6,1
2024-07-07 06:00:00,792.75,0.247,26.36,6,6,1
2024-07-07 06:15:00,737.52,0.247,25.31,6,6,1
2024-07-07 06:30:00,791.33,0.247,27.04,6,6,1
2024-07-07 06:45:00,798.46,0.247,27.75,6,6,1
2024-07-07 07:00:00,775.75,0.247,27.33,7,6,1
2024-07-07 07:15:00,787.63,0.247,28.85,7,6,1
2024-07-07 07:30:00,836.72,0.247,27.08,7,6,1
2024-07-07 07:45:00,944.57,0.247,27.08,7,6,1
2024-07-07 08:00:00,1057.47,0.65,27.02,8,6,1
2024-07-07 08:15:00,1151.68,0.65,30.03,8,6,1
2024-07-07 08:30:00,1198.31,0.65,29.74,8,6,1
2024-07-07 08:45:00,1205.98,0.65,29.56,8,6,1
2024-07-07 09:00:00,1266.42,0.65,30.22,9,6,1
2024-07-07 09:15:00,1207.61,0.65,29.49,9,6,1
2024-07-07 09:30:00,1378.46,0.65,32.74,9,6,1
2024-07-07 09:45:00,1380.56,0.65,31.27,9,6,1
2024-07-07 10:00:00,1352.45,1.105,31.64,10,6,1
2024-07-07 10:15:00,1350.49,1.105,32.51,10,6,1
2024-07-07 10:30:00,1347.92,1.105,32.68,10,6,1
2024-07-07 10:45:00,1340.7,1.105,32.83,10,6,1
2024-07-07 11:00:00,1376.49,1.38125,32.37,11,6,1
2024-07-07 11:15:00,1344.61,1.38125,33.71,11,6,1
2024-07-07 11:30:00,1415.01,1.38125,35.16,11,6,1
2024-07-07 11:45:00,1397.56,1.38125,35.03,11,6,1
2024-07-07 12:00:00,1171.88,0.65,35.52,12,6,1
2024-07-07 12:15:00,1098.42,0.65,34.1,12,6,1
2024-07-07 12:30:00,1152.47,0.65,33.97,12,6,1
2024-07-07 12:45:00,1168.0,0.65,34.89,12,6,1
2024-07-07 13:00:00,1480.97,0.65,35.24,13,6,1
2024-07-07 13:15:00,1480.88,0.65,36.26,13,6,1
2024-07-07 13:30:00,1483.44,0.65,34.19,13,6,1
2024-07-07 13:45:00,1502.48,0.65,36.91,13,6,1
2024-07-07 14:00:00,1577.45,1.105,35.67,14,6,1
2024-07-07 14:15:00,1421.79,1.105,35.54,14,6,1
2024-07-07 14:30:00,1508.2,1.105,35.14,14,6,1
2024-07-07 14:45:00,1494.39,1.105,34.66,14,6,1
2024-07-07 15:00:00,1517.81,1.38125,36.66,15,6,1
2024-07-07 15:15:00,1551.7,1.38125,36.05,15,6,1
2024-07-07 15:30:00,1545.02,1.38125,34.92,15,6,1
2024-07-07 15:45:00,1385.96,1.38125,34.85,15,6,1
2024-07-07 16:00:00,1532.84,1.38125,35.53,16,6,1
2024-07-07 16:15:00,1449.33,1.38125,37.02,16,6,1
2024-07-07 16:30:00,1453.19,1.38125,35.34,16,6,1
2024-07-07 16:45:00,1517.46,1.38125,34.18,16,6,1
2024-07-07 17:00:00,1448.39,1.105,35.0,17,6,1
2024-07-07 17:15:00,1408.22,1.105,34.77,17,6,1
2024-07-07 17:30:00,1361.13,1.105,32.6,17,6,1
2024-07-07 17:45:00,1524.69,1.105,34.47,17,6,1
2024-07-07 18:00:00,1017.73,1.105,34.06,18,6,1
2024-07-07 18:15:00,1031.15,1.105,34.51,18,6,1
2024-07-07 18:30:00,1103.97,1.105,35.13,18,6,1
2024-07-07 18:45:00,1062.08,1.105,34.23,18,6,1
2024-07-07 19:00:00,939.1,0.65,32.78,19,6,1
2024-07-07 19:15:00,858.15,0.65,31.77,19,6,1
2024-07-07 19:30:00,991.62,0.65,34.35,19,6,1
2024-07-07 19:45:00,889.67,0.65,31.98,19,6,1
2024-07-07 20:00:00,832.02,0.65,31.56,20,6,1
2024-07-07 20:15:00,780.5,0.65,31.15,20,6,1
2024-07-07 20:30:00,798.82,0.65,30.94,20,6,1
2024-07-07 20:45:00,796.15,0.65,30.28,20,6,1
2024-07-07 21:00:00,807.94,0.65,29.54,21,6,1
2024-07-07 21:15:00,834.82,0.65,29.17,21,6,1
2024-07-07 21:30:00,821.11,0.65,29.19,21,6,1
2024-07-07 21:45:00,774.14,0.65,28.39,21,6,1
2024-07-07 22:00:00,833.04,0.65,27.88,22,6,1
2024-07-07 22:15:00,807.52,0.65,28.16,22,6,1
2024-07-07 22:30:00,816.49,0.65,27.5,22,6,1
2024-07-07 22:45:00,835.2,0.65,28.55,22,6,1
2024-07-07 23:00:00,773.32,0.65,24.88,23,6,1
2024-07-07 23:15:00,799.14,0.65,27.54,23,6,1
2024-07-07 23:30:00,787.25,0.65,27.34,23,6,1
2024-07-07 23:45:00,762.37,0.65,24.39,23,6,1
2024-07-08 00:00:00,808.32,0.247,25.48,0,0,0
2024-07-08 00:15:00,860.28,0.247,25.19,0,0,0
2024-07-08 00:30:00,755.84,0.247,24.11,0,0,0
2024-07-08 00:45:00,799.23,0.247,24.39,0,0,0
2024-07-08 01:00:00,815.37,0.247,23.92,1,0,0
2024-07-08 01:15:00,802.95,0.247,26.02,1,0,0
2024-07-08 01:30:00,797.28,0.247,25.21,1,0,0
2024-07-08 01:45:00,768.82,0.247,25.34,1,0,0
2024-07-08 02:00:00,805.59,0.247,24.78,2,0,0
2024-07-08 02:15:00,781.84,0.247,23.21,2,0,0
2024-07-08 02:30:00,747.44,0.247,23.63,2,0,0
2024-07-08 02:45:00,828.67,0.247,24.4,2,0,0
2024-07-08 03:00:00,823.0,0.247,23.02,3,0,0
2024-07-08 03:15:00,801.24,0.247,24.58,3,0,0
2024-07-08 03:30:00,805.5,0.247,23.86,3,0,0
2024-07-08 03:45:00,825.78,0.247,23.82,3,0,0
2024-07-08 04:00:00,805.38,0.247,24.77,4,0,0
2024-07-08 04:15:00,821.7,0.247,24.67,4,0,0
2024-07-08 04:30:00,792.86,0.247,24.17,4,0,0
2024-07-08 04:45:00,831.49,0.247,25.55,4,0,0
2024-07-08 05:00:00,807.7,0.247,23.94,5,0,0
2024-07-08 05:15:00,804.66,0.247,25.5,5,0,0
2024-07-08 05:30:00,769.52,0.247,25.71,5,0,0
2024-07-08 05:45:00,806.89,0.247,25.24,5,0,0
2024-07-08 06:00:00,780.03,0.247,26.02,6,0,0
2024-07-08 06:15:00,784.68,0.247,25.04,6,0,0
2024-07-08 06:30:00,780.43,0.247,27.09,6,0,0
2024-07-08 06:45:00,774.41,0.247,26.52,6,0,0
2024-07-08 07:00:00,850.99,0.247,26.58,7,0,0
2024-07-08 07:15:00,923.58,0.247,28.19,7,0,0
2024-07-08 07:30:00,1154.82,0.247,27.14,7,0,0
2024-07-08 07:45:00,1268.83,0.247,26.94,7,0,0
2024-07-08 08:00:00,1566.43,0.65,27.2,8,0,0
2024-07-08 08:15:00,1624.73,0.65,29.31,8,0,0
2024-07-08 08:30:00,1611.66,0.65,28.19,8,0,0
2024-07-08 08:45:00,1762.16,0.65,31.01,8,0,0
2024-07-08 09:00:00,1742.4,0.65,28.33,9,0,0
2024-07-08 09:15:00,1854.45,0.65,31.75,9,0,0
2024-07-08 09:30:00,1900.29,0.65,30.95,9,0,0
2024-07-08 09:45:00,1887.67,0.65,31.09,9,0,0
2024-07-08 10:00:00,1985.41,1.105,31.12,10,0,0
2024-07-08 10:15:00,1832.55,1.105,32.25,10,0,0
2024-07-08 10:30:00,1985.74,1.105,32.27,10,0,0
2024-07-08 10:45:00,2042.38,1.105,33.54,10,0,0
2024-07-08 11:00:00,1881.89,1.38125,33.09,11,0,0
2024-07-08 11:15:00,2002.59,1.38125,33.45,11,0,0
2024-07-08 11:30:00,1941.97,1.38125,33.36,11,0,0
2024-07-08 11:45:00,1920.79,1.38125,33.91,11,0,0
2024-07-08 12:00:00,1612.94,0.65,34.49,12,0,0
2024-07-08 12:15:00,1559.37,0.65,33.14,12,0,0
2024-07-08 12:30:00,1717.28,0.65,33.68,12,0,0
2024-07-08 12:45:00,1702.7,0.65,35.58,12,0,0
2024-07-08 13:00:00,2138.5,0.65,35.33,13,0,0
2024-07-08 13:15:00,2043.67,0.65,35.23,13,0,0
2024-07-08 13:30:00,2070.83,0.65,35.56,13,0,0
2024-07-08 13:45:00,2221.42,0.65,35.96,13,0,0
2024-07-08 14:00:00,2040.21,1.105,35.36,14,0,0
2024-07-08 14:15:00,2101.2,1.105,35.26,14,0,0
2024-07-08 14:30:00,2183.57,1.105,36.11,14,0,0
2024-07-08 14:45:00,2142.54,1.105,35.2,14,0,0
2024-07-08 15:00:00,2190.69,1.38125,36.33,15,0,0
2024-07-08 15:15:00,2133.36,1.38125,34.63,15,0,0
2024-07-08 15:30:00,2277.14,1.38125,36.77,15,0,0
2024-07-08 15:45:00,2249.66,1.38125,36.26,15,0,0
2024-07-08 16:00:00,2119.46,1.38125,36.0,16,0,0
2024-07-08 16:15:00,2188.01,1.38125,36.47,16,0,0
2024-07-08 16:30:00,2304.53,1.38125,36.88,16,0,0
2024-07-08 16:45:00,2238.56,1.38125,36.19,16,0,0
2024-07-08 17:00:00,1950.57,1.105,33.72,17,0,0
2024-07-08 17:15:00,2061.72,1.105,33.97,17,0,0
2024-07-08 17:30:00,1926.71,1.105,34.26,17,0,0
2024-07-08 17:45:00,2057.36,1.105,34.53,17,0,0
2024-07-08 18:00:00,1652.6,1.105,34.66,18,0,0
2024-07-08 18:15:00,1432.46,1.105,33.38,18,0,0
2024-07-08 18:30:00,1419.63,1.105,33.8,18,0,0
2024-07-08 18:45:00,1409.97,1.105,32.73,18,0,0
2024-07-08 19:00:00,1273.51,0.65,32.51,19,0,0
2024-07-08 19:15:00,1240.36,0.65,31.53,19,0,0
2024-07-08 19:30:00,1253.88,0.65,31.56,19,0,0
2024-07-08 19:45:00,1150.98,0.65,30.85,19,0,0
2024-07-08 20:00:00,1129.8,0.65,30.77,20,0,0
2024-07-08 20:15:00,1171.75,0.65,32.01,20,0,0
2024-07-08 20:30:00,1061.39,0.65,30.02,20,0,0
2024-07-08 20:45:00,1101.94,0.65,32.5,20,0,0
2024-07-08 21:00:00,985.04,0.65,30.39,21,0,0
2024-07-08 21:15:00,954.53,0.65,29.76,21,0,0
2024-07-08 21:30:00,874.39,0.65,28.53,21,0,0
2024-07-08 21:45:00,882.4,0.65,29.39,21,0,0
2024-07-08 22:00:00,790.19,0.65,27.99,22,0,0
2024-07-08 22:15:00,795.62,0.65,28.17,22,0,0
2024-07-08 22:30:00,782.13,0.65,29.75,22,0,0
2024-07-08 22:45:00,799.16,0.65,27.27,22,0,0
2024-07-08 23:00:00,780.54,0.65,27.92,23,0,0
2024-07-08 23:15:00,773.26,0.65,26.1,23,0,0
2024-07-08 23:30:00,806.21,0.65,26.32,23,0,0
2024-07-08 23:45:00,805.11,0.65,27.46,23,0,0
2024-07-09 00:00:00,818.79,0.247,25.26,0,1,0
2024-07-09 00:15:00,789.65,0.247,26.94,0,1,0
2024-07-09 00:30:00,809.79,0.247,25.81,0,1,0
2024-07-09 00:45:00,813.22,0.247,24.56,0,1,0
2024-07-09 01:00:00,810.67,0.247,25.31,1,1,0
2024-07-09 01:15:00,780.18,0.247,25.4,1,1,0
2024-07-09 01:30:00,803.58,0.247,24.95,1,1,0
2024-07-09 01:45:00,808.74,0.247,23.06,1,1,0
2024-07-09 02:00:00,800.17,0.247,23.62,2,1,0
2024-07-09 02:15:00,749.92,0.247,23.92,2,1,0
2024-07-09 02:30:00,803.85,0.247,23.99,2,1,0
2024-07-09 02:45:00,853.1,0.247,24.51,2,1,0
2024-07-09 03:00:00,791.36,0.247,24.14,3,1,0
2024-07-09 03:15:00,782.53,0.247,22.94,3,1,0
2024-07-09 03:30:00,808.96,0.247,24.36,3,1,0
2024-07-09 03:45:00,807.5,0.247,24.6,3,1,0
2024-07-09 04:00:00,828.63,0.247,24.65,4,1,0
2024-07-09 04:15:00,769.81,0.247,25.18,4,1,0
2024-07-09 04:30:00,817.55,0.247,25.12,4,1,0
2024-07-09 04:45:00,814.17,0.247,24.99,4,1,0
2024-07-09 05:00:00,796.59,0.247,24.75,5,1,0
2024-07-09 05:15:00,808.13,0.247,23.68,5,1,0
2024-07-09 05:30:00,824.71,0.247,25.58,5,1,0
2024-07-09 05:45:00,820.94,0.247,25.66,5,1,0
2024-07-09 06:00:00,772.57,0.247,25.97,6,1,0
2024-07-09 06:15:00,819.68,0.247,25.02,6,1,0
2024-07-09 06:30:00,798.45,0.247,25.48,6,1,0
2024-07-09 06:45:00,801.75,0.247,27.51,6,1,0
2024-07-09 07:00:00,801.76,0.247,26.97,7,1,0
2024-07-09 07:15:00,875.65,0.247,27.89,7,1,0
2024-07-09 07:30:00,1153.26,0.247,27.73,7,1,0
2024-07-09 07:45:00,1365.06,0.247,28.1,7,1,0
2024-07-09 08:00:00,1611.86,0.65,29.2,8,1,0
2024-07-09 08:15:00,1623.35,0.65,28.42,8,1,0
2024-07-09 08:30:00,1714.07,0.65,29.29,8,1,0
2024-07-09 08:45:00,1779.67,0.65,29.24,8,1,0
2024-07-09 09:00:00,1783.25,0.65,29.65,9,1,0
2024-07-09 09:15:00,1743.38,0.65,30.15,9,1,0
2024-07-09 09:30:00,1979.08,0.65,30.96,9,1,0
2024-07-09 09:45:00,1851.82,0.65,30.79,9,1,0
2024-07-09 10:00:00,2010.58,1.105,32.56,10,1,0
2024-07-09 10:15:00,1852.19,1.105,31.21,10,1,0
2024-07-09 10:30:00,1937.41,1.105,32.15,10,1,0
2024-07-09 10:45:00,1954.99,1.105,32.3,10,1,0
2024-07-09 11:00:00,2069.41,1.38125,34.16,11,1,0
2024-07-09 11:15:00,2007.58,1.38125,33.49,11,1,0
2024-07-09 11:30:00,2034.18,1.38125,34.48,11,1,0
2024-07-09 11:45:00,1855.69,1.38125,32.77,11,1,0
2024-07-09 12:00:00,1624.02,0.65,34.46,12,1,0
2024-07-09 12:15:00,1703.39,0.65,35.22,12,1,0
2024-07-09 12:30:00,1715.58,0.65,34.83,12,1,0
2024-07-09 12:45:00,1702.71,0.65,35.84,12,1,0
2024-07-09 13:00:00,2124.93,0.65,34.78,13,1,0
2024-07-09 13:15:00,2258.22,0.65,36.51,13,1,0
2024-07-09 13:30:00,2160.82,0.65,37.38,13,1,0
2024-07-09 13:45:00,2066.62,0.65,35.39,13,1,0
2024-07-09 14:00:00,2121.55,1.105,35.44,14,1,0
2024-07-09 14:15:00,2248.67,1.105,37.05,14,1,0
2024-07-09 14:30:00,2208.46,1.105,37.21,14,1,0
2024-07-09 14:45:00,2243.47,1.105,35.57,14,1,0
2024-07-09 15:00:00,2192.54,1.38125,35.66,15,1,0
2024-07-09 15:15:00,2175.32,1.38125,35.76,15,1,0
2024-07-09 15:30:00,2031.65,1.38125,34.87,15,1,0
2024-07-09 15:45:00,2053.66,1.38125,35.15,15,1,0
2024-07-09 16:00:00,2144.9,1.38125,34.99,16,1,0
2024-07-09 16:15:00,1991.53,1.38125,35.07,16,1,0
2024-07-09 16:30:00,2213.33,1.38125,35.52,16,1,0
2024-07-09 16:45:00,2134.77,1.38125,35.57,16,1,0
2024-07-09 17:00:00,2399.15,1.105,36.44,17,1,0
2024-07-09 17:15:00,2194.9,1.105,34.19,17,1,0
2024-07-09 17:30:00,2108.32,1.105,35.55,17,1,0
2024-07-09 17:45:00,2037.31,1.105,34.34,17,1,0
2024-07-09 18:00:00,1590.66,1.105,34.2,18,1,0
2024-07-09 18:15:00,1598.02,1.105,34.5,18,1,0
2024-07-09 18:30:00,1344.64,1.105,32.75,18,1,0
2024-07-09 18:45:00,1338.14,1.105,33.64,18,1,0
2024-07-09 19:00:00,1333.65,0.65,33.13,19,1,0
2024-07-09 19:15:00,1343.78,0.65,33.05,19,1,0
2024-07-09 19:30:00,1285.73,0.65,32.53,19,1,0
2024-07-09 19:45:00,1321.33,0.65,33.89,19,1,0
2024-07-09 20:00:00,1105.8,0.65,31.04,20,1,0
2024-07-09 20:15:00,1027.43,0.65,30.75,20,1,0
2024-07-09 20:30:00,1083.72,0.65,30.28,20,1,0
2024-07-09 20:45:00,988.51,0.65,29.95,20,1,0
2024-07-09 21:00:00,909.25,0.65,29.49,21,1,0
2024-07-09 21:15:00,971.72,0.65,30.56,21,1,0
2024-07-09 21:30:00,951.2,0.65,30.35,21,1,0
2024-07-09 21:45:00,839.66,0.65,28.37,21,1,0
2024-07-09 22:00:00,789.01,0.65,27.78,22,1,0
2024-07-09 22:15:00,796.18,0.65,28.45,22,1,0
2024-07-09 22:30:00,791.11,0.65,27.26,22,1,0
2024-07-09 22:45:00,767.65,0.65,27.85,22,1,0
2024-07-09 23:00:00,782.85,0.65,27.16,23,1,0
2024-07-09 23:15:00,812.51,0.65,25.45,23,1,0
2024-07-09 23:30:00,807.72,0.65,27.59,23,1,0
2024-07-09 23:45:00,804.03,0.65,27.48,23,1,0
2024-07-10 00:00:00,776.12,0.247,25.27,0,2,0
2024-07-10 00:15:00,795.64,0.247,25.18,0,2,0
2024-07-10 00:30:00,747.75,0.247,25.47,0,2,0
2024-07-10 00:45:00,804.28,0.247,25.28,0,2,0
2024-07-10 01:00:00,834.29,0.247,25.33,1,2,0
2024-07-10 01:15:00,764.62,0.247,26.23,1,2,0
2024-07-10 01:30:00,785.94,0.247,24.32,1,2,0
2024-07-10 01:45:00,807.9,0.247,23.68,1,2,0
2024-07-10 02:00:00,830.07,0.247,23.1,2,2,0
2024-07-10 02:15:00,789.24,0.247,23.53,2,2,0
2024-07-10 02:30:00,783.39,0.247,24.02,2,2,0
2024-07-10 02:45:00,752.75,0.247,25.45,2,2,0
2024-07-10 03:00:00,802.48,0.247,23.59,3,2,0
2024-07-10 03:15:00,849.01,0.247,24.19,3,2,0
2024-07-10 03:30:00,806.66,0.247,24.04,3,2,0
2024-07-10 03:45:00,799.47,0.247,25.07,3,2,0
2024-07-10 04:00:00,807.73,0.247,26.23,4,2,0
2024-07-10 04:15:00,799.73,0.247,23.89,4,2,0
2024-07-10 04:30:00,780.49,0.247,24.07,4,2,0
2024-07-10 04:45:00,819.76,0.247,25.45,4,2,0
2024-07-10 05:00:00,805.42,0.247,25.35,5,2,0
2024-07-10 05:15:00,800.42,0.247,26.49,5,2,0
2024-07-10 05:30:00,776.59,0.247,25.71,5,2,0
2024-07-10 05:45:00,831.28,0.247,25.2,5,2,0
2024-07-10 06:00:00,815.95,0.247,26.23,6,2,0
2024-07-10 06:15:00,786.73,0.247,26.93,6,2,0
2024-07-10 06:30:00,824.04,0.247,27.0,6,2,0
2024-07-10 06:45:00,788.06,0.247,27.07,6,2,0
2024-07-10 07:00:00,781.23,0.247,27.85,7,2,0
2024-07-10 07:15:00,870.58,0.247,28.28,7,2,0
2024-07-10 07:30:00,1091.98,0.247,28.81,7,2,0
2024-07-10 07:45:00,1410.27,0.247,28.59,7,2,0
2024-07-10 08:00:00,1532.38,0.65,28.31,8,2,0
2024-07-10 08:15:00,1609.27,0.65,28.95,8,2,0
2024-07-10 08:30:00,1643.34,0.65,30.18,8,2,0
2024-07-10 08:45:00,1696.67,0.65,28.95,8,2,0
2024-07-10 09:00:00,1778.43,0.65,30.29,9,2,0
2024-07-10 09:15:00,1767.84,0.65,30.08,9,2,0
2024-07-10 09:30:00,1775.93,0.65,30.81,9,2,0
2024-07-10 09:45:00,1847.32,0.65,32.19,9,2,0
2024-07-10 10:00:00,1915.86,1.105,31.71,10,2,0
2024-07-10 10:15:00,1870.71,1.105,31.97,10,2,0
2024-07-10 10:30:00,1872.96,1.105,31.21,10,2,0
2024-07-10 10:45:00,1906.83,1.105,33.25,10,2,0
2024-07-10 11:00:00,1972.25,1.38125,33.52,11,2,0
2024-07-10 11:15:00,2110.15,1.38125,35.06,11,2,0
2024-07-10 11:30:00,1958.83,1.38125,33.41,11,2,0
2024-07-10 11:45:00,1921.62,1.38125,34.13,11,2,0
2024-07-10 12:00:00,1664.48,0.65,34.44,12,2,0
2024-07-10 12:15:00,1698.77,0.65,35.77,12,2,0
2024-07-10 12:30:00,1662.91,0.65,34.68,12,2,0
2024-07-10 12:45:00,1669.62,0.65,35.21,12,2,0
2024-07-10 13:00:00,2098.35,0.65,35.68,13,2,0
2024-07-10 13:15:00,2123.18,0.65,35.53,13,2,0
2024-07-10 13:30:00,2037.19,0.65,35.19,13,2,0
2024-07-10 13:45:00,2079.36,0.65,35.84,13,2,0
2024-07-10 14:00:00,2107.05,1.105,36.65,14,2,0
2024-07-10 14:15:00,2014.93,1.105,35.06,14,2,0
2024-07-10 14:30:00,2098.95,1.105,36.06,14,2,0
2024-07-10 14:45:00,2158.27,1.105,35.43,14,2,0
2024-07-10 15:00:00,2178.21,1.38125,36.96,15,2,0
2024-07-10 15:15:00,2149.07,1.38125,34.77,15,2,0
2024-07-10 15:30:00,2160.98,1.38125,35.5,15,2,0
2024-07-10 15:45:00,2067.09,1.38125,36.19,15,2,0
2024-07-10 16:00:00,2287.45,1.38125,37.05,16,2,0
2024-07-10 16:15:00,2211.93,1.38125,35.63,16,2,0
2024-07-10 16:30:00,2061.24,1.38125,35.1,16,2,0
2024-07-10 16:45:00,2247.02,1.38125,36.89,16,2,0
2024-07-10 17:00:00,1999.25,1.105,34.04,17,2,0
2024-07-10 17:15:00,2005.0,1.105,33.23,17,2,0
2024-07-10 17:30:00,2016.15,1.105,35.11,17,2,0
2024-07-10 17:45:00,1921.81,1.105,34.11,17,2,0
2024-07-10 18:00:00,1494.51,1.105,33.43,18,2,0
2024-07-10 18:15:00,1515.79,1.105,34.52,18,2,0
2024-07-10 18:30:00,1440.51,1.105,33.85,18,2,0
2024-07-10 18:45:00,1335.18,1.105,32.88,18,2,0
2024-07-10 19:00:00,1299.18,0.65,31.98,19,2,0
2024-07-10 19:15:00,1342.72,0.65,33.35,19,2,0
2024-07-10 19:30:00,1275.55,0.65,32.82,19,2,0
2024-07-10 19:45:00,1215.11,0.65,31.85,19,2,0
2024-07-10 20:00:00,1190.48,0.65,33.03,20,2,0
2024-07-10 20:15:00,1128.17,0.65,30.31,20,2,0
2024-07-10 20:30:00,996.85,0.65,29.56,20,2,0
2024-07-10 20:45:00,1025.07,0.65,29.84,20,2,0
2024-07-10 21:00:00,1016.97,0.65,29.96,21,2,0
2024-07-10 21:15:00,959.05,0.65,29.8,21,2,0
2024-07-10 21:30:00,886.16,0.65,29.02,21,2,0
2024-07-10 21:45:00,849.18,0.65,29.11,21,2,0
2024-07-10 22:00:00,824.87,0.65,27.45,22,2,0
2024-07-10 22:15:00,779.08,0.65,29.23,22,2,0
2024-07-10 22:30:00,776.72,0.65,27.64,22,2,0
2024-07-10 22:45:00,790.46,0.65,28.24,22,2,0
2024-07-10 23:00:00,829.7,0.65,27.27,23,2,0
2024-07-10 23:15:00,809.11,0.65,27.03,23,2,0
2024-07-10 23:30:00,776.77,0.65,26.8,23,2,0
2024-07-10 23:45:00,792.55,0.65,26.4,23,2,0
2024-07-11 00:00:00,785.26,0.247,26.27,0,3,0
2024-07-11 00:15:00,782.97,0.247,26.55,0,3,0
2024-07-11 00:30:00,823.49,0.247,25.4,0,3,0
2024-07-11 00:45:00,767.08,0.247,25.58,0,3,0
2024-07-11 01:00:00,838.61,0.247,24.73,1,3,0
2024-07-11 01:15:00,819.88,0.247,25.77,1,3,0
2024-07-11 01:30:00,826.18,0.247,23.92,1,3,0
2024-07-11 01:45:00,788.89,0.247,25.76,1,3,0
2024-07-11 02:00:00,796.4,0.247,24.17,2,3,0
2024-07-11 02:15:00,765.6,0.247,22.97,2,3,0
2024-07-11 02:30:00,787.41,0.247,24.15,2,3,0
2024-07-11 02:45:00,811.85,0.247,23.47,2,3,0
2024-07-11 03:00:00,831.11,0.247,24.67,3,3,0
2024-07-11 03:15:00,773.43,0.247,23.49,3,3,0
2024-07-11 03:30:00,791.23,0.247,23.69,3,3,0
2024-07-11 03:45:00,796.37,0.247,22.6,3,3,0
2024-07-11 04:00:00,766.5,0.247,23.84,4,3,0
2024-07-11 04:15:00,814.19,0.247,22.38,4,3,0
2024-07-11 04:30:00,782.62,0.247,23.19,4,3,0
2024-07-11 04:45:00,795.31,0.247,25.23,4,3,0
2024-07-11 05:00:00,789.15,0.247,25.43,5,3,0
2024-07-11 05:15:00,781.06,0.247,25.35,5,3,0
2024-07-11 05:30:00,799.83,0.247,24.47,5,3,0
2024-07-11 05:45:00,794.83,0.247,25.45,5,3,0
2024-07-11 06:00:00,791.08,0.247,25.75,6,3,0
2024-07-11 06:15:00,782.52,0.247,25.12,6,3,0
2024-07-11 06:30:00,807.67,0.247,27.55,6,3,0
2024-07-11 06:45:00,839.69,0.247,27.37,6,3,0
2024-07-11 07:00:00,803.36,0.247,26.82,7,3,0
2024-07-11 07:15:00,890.33,0.247,27.37,7,3,0
2024-07-11 07:30:00,1072.09,0.247,27.87,7,3,0
2024-07-11 07:45:00,1300.67,0.247,26.44,7,3,0
2024-07-11 08:00:00,1564.82,0.65,28.25,8,3,0
2024-07-11 08:15:00,1563.23,0.65,28.28,8,3,0
2024-07-11 08:30:00,1621.17,0.65,28.42,8,3,0
2024-07-11 08:45:00,1785.84,0.65,29.38,8,3,0
2024-07-11 09:00:00,1901.32,0.65,31.44,9,3,0
2024-07-11 09:15:00,1843.93,0.65,30.91,9,3,0
2024-07-11 09:30:00,1723.83,0.65,30.33,9,3,0
2024-07-11 09:45:00,1872.46,0.65,31.63,9,3,0
2024-07-11 10:00:00,1960.4,1.105,32.67,10,3,0
2024-07-11 10:15:00,1951.04,1.105,32.67,10,3,0
2024-07-11 10:30:00,1811.65,1.105,32.34,10,3,0
2024-07-11 10:45:00,1847.21,1.105,32.14,10,3,0
2024-07-11 11:00:00,1960.11,1.38125,33.56,11,3,0
2024-07-11 11:15:00,1985.8,1.38125,33.65,11,3,0
2024-07-11 11:30:00,1846.25,1.38125,34.37,11,3,0
2024-07-11 11:45:00,1953.79,1.38125,34.46,11,3,0
2024-07-11 12:00:00,1687.51,0.65,35.08,12,3,0
2024-07-11 12:15:00,1677.39,0.65,34.08,12,3,0
2024-07-11 12:30:00,1748.56,0.65,35.81,12,3,0
2024-07-11 12:45:00,1712.6,0.65,35.15,12,3,0
2024-07-11 13:00:00,2121.3,0.65,36.86,13,3,0
2024-07-11 13:15:00,1952.42,0.65,34.83,13,3,0
2024-07-11 13:30:00,2170.95,0.65,36.93,13,3,0
2024-07-11 13:45:00,2209.34,0.65,35.84,13,3,0
2024-07-11 14:00:00,2209.97,1.105,35.27,14,3,0
2024-07-11 14:15:00,2186.59,1.105,35.5,14,3,0
2024-07-11 14:30:00,2185.85,1.105,35.69,14,3,0
2024-07-11 14:45:00,2223.88,1.105,36.33,14,3,0
2024-07-11 15:00:00,2170.88,1.38125,36.42,15,3,0
2024-07-11 15:15:00,2151.08,1.38125,35.53,15,3,0
2024-07-11 15:30:00,2292.29,1.38125,35.93,15,3,0
2024-07-11 15:45:00,2212.48,1.38125,37.6,15,3,0
2024-07-11 16:00:00,2359.74,1.38125,37.18,16,3,0
2024-07-11 16:15:00,2161.03,1.38125,36.03,16,3,0
2024-07-11 16:30:00,2236.9,1.38125,35.57,16,3,0
2024-07-11 16:45:00,2049.5,1.38125,35.48,16,3,0
2024-07-11 17:00:00,2182.1,1.105,35.69,17,3,0
2024-07-11 17:15:00,2006.33,1.105,34.17,17,3,0
2024-07-11 17:30:00,1976.96,1.105,34.55,17,3,0
2024-07-11 17:45:00,1992.37,1.105,33.18,17,3,0
2024-07-11 18:00:00,1606.84,1.105,34.56,18,3,0
2024-07-11 18:15:00,1480.92,1.105,34.47,18,3,0
2024-07-11 18:30:00,1370.1,1.105,33.27,18,3,0
2024-07-11 18:45:00,1447.14,1.105,34.59,18,3,0
2024-07-11 19:00:00,1313.16,0.65,32.02,19,3,0
2024-07-11 19:15:00,1283.42,0.65,31.48,19,3,0
2024-07-11 19:30:00,1301.02,0.65,32.48,19,3,0
2024-07-11 19:45:00,1238.47,0.65,32.77,19,3,0
2024-07-11 20:00:00,1277.85,0.65,32.9,20,3,0
2024-07-11 20:15:00,1113.5,0.65,30.8,20,3,0
2024-07-11 20:30:00,1088.87,0.65,31.65,20,3,0
2024-07-11 20:45:00,976.95,0.65,30.36,20,3,0
2024-07-11 21:00:00,971.37,0.65,29.86,21,3,0
2024-07-11 21:15:00,950.68,0.65,30.31,21,3,0
2024-07-11 21:30:00,938.02,0.65,29.74,21,3,0
2024-07-11 21:45:00,832.23,0.65,27.57,21,3,0
2024-07-11 22:00:00,815.34,0.65,29.63,22,3,0
2024-07-11 22:15:00,816.72,0.65,29.18,22,3,0
2024-07-11 22:30:00,816.12,0.65,27.2,22,3,0
2024-07-11 22:45:00,836.67,0.65,27.66,22,3,0
2024-07-11 23:00:00,821.3,0.65,27.4,23,3,0
2024-07-11 23:15:00,818.26,0.65,26.88,23,3,0
2024-07-11 23:30:00,801.44,0.65,25.91,23,3,0
2024-07-11 23:45:00,809.32,0.65,25.51,23,3,0
2024-07-12 00:00:00,829.99,0.247,25.74,0,4,0
2024-07-12 00:15:00,768.01,0.247,26.43,0,4,0
2024-07-12 00:30:00,791.61,0.247,25.67,0,4,0
2024-07-12 00:45:00,781.46,0.247,24.71,0,4,0
2024-07-12 01:00:00,809.1,0.247,25.42,1,4,0
2024-07-12 01:15:00,829.53,0.247,22.34,1,4,0
2024-07-12 01:30:00,785.67,0.247,25.38,1,4,0
2024-07-12 01:45:00,742.63,0.247,22.93,1,4,0
2024-07-12 02:00:00,790.11,0.247,23.91,2,4,0
2024-07-12 02:15:00,821.92,0.247,23.22,2,4,0
2024-07-12 02:30:00,812.9,0.247,23.02,2,4,0
2024-07-12 02:45:00,810.28,0.247,24.94,2,4,0
2024-07-12 03:00:00,793.28,0.247,23.63,3,4,0
2024-07-12 03:15:00,769.3,0.247,24.29,3,4,0
2024-07-12 03:30:00,812.37,0.247,24.01,3,4,0
2024-07-12 03:45:00,779.98,0.247,24.5,3,4,0
2024-07-12 04:00:00,852.42,0.247,24.27,4,4,0
2024-07-12 04:15:00,813.69,0.247,23.29,4,4,0
2024-07-12 04:30:00,786.06,0.247,25.25,4,4,0
2024-07-12 04:45:00,785.33,0.247,24.22,4,4,0
2024-07-12 05:00:00,797.77,0.247,23.56,5,4,0
2024-07-12 05:15:00,794.25,0.247,24.67,5,4,0
2024-07-12 05:30:00,826.8,0.247,26.44,5,4,0
2024-07-12 05:45:00,804.47,0.247,26.17,5,4,0
2024-07-12 06:00:00,782.44,0.247,25.48,6,4,0
2024-07-12 06:15:00,845.37,0.247,25.76,6,4,0
2024-07-12 06:30:00,801.18,0.247,26.09,6,4,0
2024-07-12 06:45:00,818.45,0.247,28.33,6,4,0
2024-07-12 07:00:00,785.4,0.247,27.31,7,4,0
2024-07-12 07:15:00,883.33,0.247,27.69,7,4,0
2024-07-12 07:30:00,1153.58,0.247,28.53,7,4,0
2024-07-12 07:45:00,1297.96,0.247,28.26,7,4,0
2024-07-12 08:00:00,1715.39,0.65,28.24,8,4,0
2024-07-12 08:15:00,1720.43,0.65,28.67,8,4,0
2024-07-12 08:30:00,1677.52,0.65,29.16,8,4,0
2024-07-12 08:45:00,1677.36,0.65,29.58,8,4,0
2024-07-12 09:00:00,1820.89,0.65,30.58,9,4,0
2024-07-12 09:15:00,1809.52,0.65,30.43,9,4,0
2024-07-12 09:30:00,1884.09,0.65,31.37,9,4,0
2024-07-12 09:45:00,1865.43,0.65,31.11,9,4,0
2024-07-12 10:00:00,1913.19,1.105,31.62,10,4,0
2024-07-12 10:15:00,1890.71,1.105,30.33,10,4,0
2024-07-12 10:30:00,1988.69,1.105,33.03,10,4,0
2024-07-12 10:45:00,1880.23,1.105,32.93,10,4,0
2024-07-12 11:00:00,2057.74,1.38125,33.8,11,4,0
2024-07-12 11:15:00,1901.55,1.38125,31.02,11,4,0
2024-07-12 11:30:00,2219.27,1.38125,35.32,11,4,0
2024-07-12 11:45:00,1865.41,1.38125,33.84,11,4,0
2024-07-12 12:00:00,1694.65,0.65,35.13,12,4,0
2024-07-12 12:15:00,1516.64,0.65,33.68,12,4,0
2024-07-12 12:30:00,1715.8,0.65,35.25,12,4,0
2024-07-12 12:45:00,1611.57,0.65,34.15,12,4,0
2024-07-12 13:00:00,2172.98,0.65,34.7,13,4,0
2024-07-12 13:15:00,2135.47,0.65,36.91,13,4,0
2024-07-12 13:30:00,2004.16,0.65,35.39,13,4,0
2024-07-12 13:45:00,2115.43,0.65,35.86,13,4,0
2024-07-12 14:00:00,2059.75,1.105,36.49,14,4,0
2024-07-12 14:15:00,2234.26,1.105,36.28,14,4,0
2024-07-12 14:30:00,2044.28,1.105,36.07,14,4,0
2024-07-12 14:45:00,2198.03,1.105,36.28,14,4,0
2024-07-12 15:00:00,2149.97,1.38125,37.92,15,4,0
2024-07-12 15:15:00,2161.94,1.38125,35.94,15,4,0
2024-07-12 15:30:00,2301.34,1.38125,36.11,15,4,0
2024-07-12 15:45:00,2251.46,1.38125,36.73,15,4,0
2024-07-12 16:00:00,2164.95,1.38125,36.68,16,4,0
2024-07-12 16:15:00,2213.99,1.38125,36.63,16,4,0
2024-07-12 16:30:00,2179.64,1.38125,36.05,16,4,0
2024-07-12 16:45:00,2112.52,1.38125,34.47,16,4,0
2024-07-12 17:00:00,2100.34,1.105,36.5,17,4,0
2024-07-12 17:15:00,2082.53,1.105,34.07,17,4,0
2024-07-12 17:30:00,1920.01,1.105,35.0,17,4,0
2024-07-12 17:45:00,1981.73,1.105,33.91,17,4,0
2024-07-12 18:00:00,1521.42,1.105,34.19,18,4,0
2024-07-12 18:15:00,1537.66,1.105,34.22,18,4,0
2024-07-12 18:30:00,1461.37,1.105,33.91,18,4,0
2024-07-12 18:45:00,1355.48,1.105,33.67,18,4,0
2024-07-12 19:00:00,1361.61,0.65,34.29,19,4,0
2024-07-12 19:15:00,1327.4,0.65,33.02,19,4,0
2024-07-12 19:30:00,1248.48,0.65,32.1,19,4,0
2024-07-12 19:45:00,1216.84,0.65,32.7,19,4,0
2024-07-12 20:00:00,1179.7,0.65,32.5,20,4,0
2024-07-12 20:15:00,1108.36,0.65,30.19,20,4,0
2024-07-12 20:30:00,1071.03,0.65,31.26,20,4,0
2024-07-12 20:45:00,1042.27,0.65,30.95,20,4,0
2024-07-12 21:00:00,1039.6,0.65,29.76,21,4,0
2024-07-12 21:15:00,930.36,0.65,30.71,21,4,0
2024-07-12 21:30:00,843.99,0.65,29.1,21,4,0
2024-07-12 21:45:00,878.09,0.65,28.93,21,4,0
2024-07-12 22:00:00,794.1,0.65,28.31,22,4,0
2024-07-12 22:15:00,792.36,0.65,28.08,22,4,0
2024-07-12 22:30:00,781.25,0.65,26.83,22,4,0
2024-07-12 22:45:00,793.76,0.65,26.19,22,4,0
2024-07-12 23:00:00,838.36,0.65,28.28,23,4,0
2024-07-12 23:15:00,819.25,0.65,25.99,23,4,0
2024-07-12 23:30:00,820.69,0.65,25.55,23,4,0
2024-07-12 23:45:00,766.01,0.65,24.32,23,4,0
2024-07-13 00:00:00,772.37,0.247,25.25,0,5,1
2024-07-13 00:15:00,731.86,0.247,24.43,0,5,1
2024-07-13 00:30:00,780.57,0.247,26.55,0,5,1
2024-07-13 00:45:00,822.96,0.247,25.82,0,5,1
2024-07-13 01:00:00,812.41,0.247,24.25,1,5,1
2024-07-13 01:15:00,794.68,0.247,26.42,1,5,1
2024-07-13 01:30:00,799.46,0.247,25.24,1,5,1
2024-07-13 01:45:00,783.47,0.247,24.06,1,5,1
2024-07-13 02:00:00,804.91,0.247,22.2,2,5,1
2024-07-13 02:15:00,818.38,0.247,25.95,2,5,1
2024-07-13 02:30:00,761.22,0.247,22.94,2,5,1
2024-07-13 02:45:00,807.19,0.247,22.7,2,5,1
2024-07-13 03:00:00,822.38,0.247,24.82,3,5,1
2024-07-13 03:15:00,790.04,0.247,25.96,3,5,1
2024-07-13 03:30:00,816.82,0.247,25.16,3,5,1
2024-07-13 03:45:00,867.55,0.247,24.57,3,5,1
2024-07-13 04:00:00,797.5,0.247,24.68,4,5,1
2024-07-13 04:15:00,809.44,0.247,25.0,4,5,1
2024-07-13 04:30:00,782.29,0.247,25.06,4,5,1
2024-07-13 04:45:00,804.35,0.247,24.84,4,5,1
2024-07-13 05:00:00,811.05,0.247,24.89,5,5,1
2024-07-13 05:15:00,804.68,0.247,24.96,5,5,1
2024-07-13 05:30:00,775.53,0.247,24.64,5,5,1
2024-07-13 05:45:00,804.95,0.247,25.26,5,5,1
2024-07-13 06:00:00,835.09,0.247,24.4,6,5,1
2024-07-13 06:15:00,810.77,0.247,25.97,6,5,1
2024-07-13 06:30:00,823.09,0.247,25.56,6,5,1
2024-07-13 06:45:00,794.31,0.247,25.78,6,5,1
2024-07-13 07:00:00,818.0,0.247,27.14,7,5,1
2024-07-13 07:15:00,806.7,0.247,28.46,7,5,1
2024-07-13 07:30:00,777.18,0.247,28.44,7,5,1
2024-07-13 07:45:00,926.73,0.247,26.81,7,5,1
2024-07-13 08:00:00,1077.79,0.65,27.66,8,5,1
2024-07-13 08:15:00,1170.51,0.65,29.58,8,5,1
2024-07-13 08:30:00,1167.73,0.65,28.43,8,5,1
2024-07-13 08:45:00,1219.42,0.65,29.43,8,5,1
2024-07-13 09:00:00,1211.25,0.65,30.44,9,5,1
2024-07-13 09:15:00,1271.09,0.65,29.62,9,5,1
2024-07-13 09:30:00,1307.71,0.65,30.87,9,5,1
2024-07-13 09:45:00,1233.05,0.65,30.1,9,5,1
2024-07-13 10:00:00,1238.33,1.105,31.07,10,5,1
2024-07-13 10:15:00,1334.09,1.105,32.18,10,5,1
2024-07-13 10:30:00,1274.3,1.105,31.02,10,5,1
2024-07-13 10:45:00,1366.45,1.105,33.01,10,5,1
2024-07-13 11:00:00,1338.13,1.38125,32.98,11,5,1
2024-07-13 11:15:00,1290.17,1.38125,33.78,11,5,1
2024-07-13 11:30:00,1347.53,1.38125,33.83,11,5,1
2024-07-13 11:45:00,1383.18,1.38125,35.05,11,5,1
2024-07-13 12:00:00,1175.03,0.65,34.34,12,5,1
2024-07-13 12:15:00,1123.59,0.65,34.17,12,5,1
2024-07-13 12:30:00,1228.08,0.65,34.86,12,5,1
2024-07-13 12:45:00,1118.8,0.65,35.42,12,5,1
2024-07-13 13:00:00,1516.25,0.65,35.24,13,5,1
2024-07-13 13:15:00,1462.39,0.65,35.41,13,5,1
2024-07-13 13:30:00,1499.57,0.65,34.98,13,5,1
2024-07-13 13:45:00,1478.04,0.65,35.15,13,5,1
2024-07-13 14:00:00,1511.28,1.105,34.67,14,5,1
2024-07-13 14:15:00,1550.77,1.105,37.28,14,5,1
2024-07-13 14:30:00,1432.64,1.105,34.95,14,5,1
2024-07-13 14:45:00,1567.91,1.105,35.43,14,5,1
2024-07-13 15:00:00,1500.91,1.38125,35.43,15,5,1
2024-07-13 15:15:00,1568.63,1.38125,36.7,15,5,1
2024-07-13 15:30:00,1575.78,1.38125,35.71,15,5,1
2024-07-13 15:45:00,1516.94,1.38125,36.88,15,5,1
2024-07-13 16:00:00,1526.15,1.38125,35.26,16,5,1
2024-07-13 16:15:00,1495.55,1.38125,35.9,16,5,1
2024-07-13 16:30:00,1472.5,1.38125,34.87,16,5,1
2024-07-13 16:45:00,1565.03,1.38125,37.1,16,5,1
2024-07-13 17:00:00,1379.54,1.105,34.25,17,5,1
2024-07-13 17:15:00,1443.31,1.105,35.24,17,5,1
2024-07-13 17:30:00,1532.69,1.105,35.27,17,5,1
2024-07-13 17:45:00,1488.7,1.105,34.84,17,5,1
2024-07-13 18:00:00,1075.95,1.105,34.09,18,5,1
2024-07-13 18:15:00,1053.38,1.105,33.85,18,5,1
2024-07-13 18:30:00,1007.08,1.105,33.69,18,5,1
2024-07-13 18:45:00,1017.98,1.105,33.22,18,5,1
2024-07-13 19:00:00,962.48,0.65,33.77,19,5,1
2024-07-13 19:15:00,966.83,0.65,34.42,19,5,1
2024-07-13 19:30:00,899.58,0.65,31.85,19,5,1
2024-07-13 19:45:00,801.82,0.65,30.83,19,5,1
2024-07-13 20:00:00,851.5,0.65,31.48,20,5,1
2024-07-13 20:15:00,792.5,0.65,33.23,20,5,1
2024-07-13 20:30:00,839.11,0.65,30.14,20,5,1
2024-07-13 20:45:00,791.06,0.65,31.7,20,5,1
2024-07-13 21:00:00,794.18,0.65,31.34,21,5,1
2024-07-13 21:15:00,754.64,0.65,29.16,21,5,1
2024-07-13 21:30:00,789.08,0.65,29.67,21,5,1
2024-07-13 21:45:00,775.04,0.65,30.13,21,5,1
2024-07-13 22:00:00,785.42,0.65,28.14,22,5,1
2024-07-13 22:15:00,796.7,0.65,27.91,22,5,1
2024-07-13 22:30:00,822.99,0.65,27.24,22,5,1
2024-07-13 22:45:00,804.98,0.65,26.53,22,5,1
2024-07-13 23:00:00,807.38,0.65,26.48,23,5,1
2024-07-13 23:15:00,773.71,0.65,25.69,23,5,1
2024-07-13 23:30:00,778.86,0.65,26.37,23,5,1
2024-07-13 23:45:00,843.17,0.65,25.43,23,5,1
2024-07-14 00:00:00,782.36,0.247,25.94,0,6,1
2024-07-14 00:15:00,839.75,0.247,24.24,0,6,1
2024-07-14 00:30:00,794.17,0.247,25.5,0,6,1
2024-07-14 00:45:00,800.05,0.247,25.68,0,6,1
2024-07-14 01:00:00,825.69,0.247,23.21,1,6,1
2024-07-14 01:15:00,830.53,0.247,24.92,1,6,1
2024-07-14 01:30:00,797.34,0.247,25.44,1,6,1
2024-07-14 01:45:00,790.68,0.247,23.35,1,6,1
2024-07-14 02:00:00,798.66,0.247,25.54,2,6,1
2024-07-14 02:15:00,808.11,0.247,24.45,2,6,1
2024-07-14 02:30:00,821.39,0.247,23.49,2,6,1
2024-07-14 02:45:00,800.1,0.247,23.97,2,6,1
2024-07-14 03:00:00,814.85,0.247,24.45,3,6,1
2024-07-14 03:15:00,839.32,0.247,24.07,3,6,1
2024-07-14 03:30:00,809.15,0.247,24.48,3,6,1
2024-07-14 03:45:00,807.48,0.247,23.38,3,6,1
2024-07-14 04:00:00,763.55,0.247,24.34,4,6,1
2024-07-14 04:15:00,736.86,0.247,23.19,4,6,1
2024-07-14 04:30:00,809.32,0.247,24.37,4,6,1
2024-07-14 04:45:00,797.72,0.247,23.9,4,6,1
2024-07-14 05:00:00,787.65,0.247,24.22,5,6,1
2024-07-14 05:15:00,805.84,0.247,26.0,5,6,1
2024-07-14 05:30:00,798.55,0.247,26.11,5,6,1
2024-07-14 05:45:00,827.07,0.247,25.98,5,6,1
2024-07-14 06:00:00,802.07,0.247,24.88,6,6,1
2024-07-14 06:15:00,782.07,0.247,25.79,6,6,1
2024-07-14 06:30:00,823.76,0.247,27.32,6,6,1
2024-07-14 06:45:00,794.79,0.247,26.78,6,6,1
2024-07-14 07:00:00,812.64,0.247,28.86,7,6,1
2024-07-14 07:15:00,788.54,0.247,27.66,7,6,1
2024-07-14 07:30:00,784.4,0.247,27.86,7,6,1
2024-07-14 07:45:00,951.88,0.247,27.82,7,6,1
2024-07-14 08:00:00,1144.3,0.65,28.55,8,6,1
2024-07-14 08:15:00,1177.42,0.65,28.71,8,6,1
2024-07-14 08:30:00,1202.02,0.65,29.78,8,6,1
2024-07-14 08:45:00,1175.79,0.65,30.37,8,6,1
2024-07-14 09:00:00,1199.62,0.65,29.37,9,6,1
2024-07-14 09:15:00,1250.1,0.65,29.33,9,6,1
2024-07-14 09:30:00,1214.99,0.65,29.31,9,6,1
2024-07-14 09:45:00,1306.76,0.65,31.58,9,6,1
2024-07-14 10:00:00,1320.67,1.105,30.67,10,6,1
2024-07-14 10:15:00,1236.66,1.105,30.21,10,6,1
2024-07-14 10:30:00,1289.93,1.105,32.61,10,6,1
2024-07-14 10:45:00,1417.82,1.105,34.65,10,6,1
2024-07-14 11:00:00,1333.63,1.38125,33.0,11,6,1
2024-07-14 11:15:00,1341.45,1.38125,34.0,11,6,1
2024-07-14 11:30:00,1352.0,1.38125,33.72,11,6,1
2024-07-14 11:45:00,1372.49,1.38125,33.88,11,6,1
2024-07-14 12:00:00,1172.62,0.65,34.98,12,6,1
2024-07-14 12:15:00,1161.71,0.65,34.28,12,6,1
2024-07-14 12:30:00,1236.63,0.65,34.97,12,6,1
2024-07-14 12:45:00,1169.18,0.65,35.25,12,6,1
2024-07-14 13:00:00,1448.73,0.65,34.66,13,6,1
2024-07-14 13:15:00,1478.86,0.65,36.17,13,6,1
2024-07-14 13:30:00,1440.75,0.65,35.4,13,6,1
2024-07-14 13:45:00,1445.78,0.65,35.08,13,6,1
2024-07-14 14:00:00,1500.33,1.105,36.22,14,6,1
2024-07-14 14:15:00,1501.63,1.105,35.17,14,6,1
2024-07-14 14:30:00,1628.88,1.105,35.97,14,6,1
2024-07-14 14:45:00,1492.7,1.105,35.98,14,6,1
2024-07-14 15:00:00,1543.71,1.38125,36.87,15,6,1
2024-07-14 15:15:00,1542.01,1.38125,36.37,15,6,1
2024-07-14 15:30:00,1546.21,1.38125,35.93,15,6,1
2024-07-14 15:45:00,1564.03,1.38125,36.54,15,6,1
2024-07-14 16:00:00,1625.08,1.38125,36.91,16,6,1
2024-07-14 16:15:00,1419.86,1.38125,36.13,16,6,1
2024-07-14 16:30:00,1397.3,1.38125,35.55,16,6,1
2024-07-14 16:45:00,1431.16,1.38125,34.33,16,6,1
2024-07-14 17:00:00,1496.08,1.105,34.34,17,6,1
2024-07-14 17:15:00,1390.1,1.105,34.74,17,6,1
2024-07-14 17:30:00,1304.86,1.105,34.27,17,6,1
2024-07-14 17:45:00,1456.05,1.105,34.36,17,6,1
2024-07-14 18:00:00,1091.59,1.105,34.29,18,6,1
2024-07-14 18:15:00,1026.21,1.105,34.38,18,6,1
2024-07-14 18:30:00,983.52,1.105,33.6,18,6,1
2024-07-14 18:45:00,963.16,1.105,33.72,18,6,1
2024-07-14 19:00:00,952.28,0.65,33.05,19,6,1
2024-07-14 19:15:00,856.83,0.65,31.07,19,6,1
2024-07-14 19:30:00,874.74,0.65,31.54,19,6,1
2024-07-14 19:45:00,772.69,0.65,31.81,19,6,1
2024-07-14 20:00:00,779.44,0.65,30.59,20,6,1
2024-07-14 20:15:00,772.97,0.65,31.65,20,6,1
2024-07-14 20:30:00,793.85,0.65,32.01,20,6,1
2024-07-14 20:45:00,787.09,0.65,31.37,20,6,1
2024-07-14 21:00:00,819.15,0.65,29.83,21,6,1
2024-07-14 21:15:00,755.38,0.65,30.8,21,6,1
2024-07-14 21:30:00,801.09,0.65,29.34,21,6,1
2024-07-14 21:45:00,813.4,0.65,28.56,21,6,1
2024-07-14 22:00:00,844.56,0.65,27.96,22,6,1
2024-07-14 22:15:00,788.44,0.65,27.83,22,6,1
2024-07-14 22:30:00,807.79,0.65,27.39,22,6,1
2024-07-14 22:45:00,756.71,0.65,27.48,22,6,1
2024-07-14 23:00:00,742.59,0.65,27.13,23,6,1
2024-07-14 23:15:00,820.27,0.65,26.67,23,6,1
2024-07-14 23:30:00,799.87,0.65,26.7,23,6,1
2024-07-14 23:45:00,828.28,0.65,27.0,23,6,1
2024-07-15 00:00:00,767.04,0.247,26.52,0,0,0
2024-07-15 00:15:00,812.48,0.247,24.3,0,0,0
2024-07-15 00:30:00,844.85,0.247,23.2,0,0,0
2024-07-15 00:45:00,810.07,0.247,25.76,0,0,0
2024-07-15 01:00:00,806.64,0.247,23.71,1,0,0
2024-07-15 01:15:00,800.21,0.247,24.44,1,0,0
2024-07-15 01:30:00,762.3,0.247,23.52,1,0,0
2024-07-15 01:45:00,832.53,0.247,22.88,1,0,0
2024-07-15 02:00:00,785.34,0.247,24.64,2,0,0
2024-07-15 02:15:00,812.11,0.247,24.72,2,0,0
2024-07-15 02:30:00,762.49,0.247,23.59,2,0,0
2024-07-15 02:45:00,771.69,0.247,21.94,2,0,0
2024-07-15 03:00:00,834.44,0.247,23.56,3,0,0
2024-07-15 03:15:00,791.66,0.247,24.33,3,0,0
2024-07-15 03:30:00,834.88,0.247,22.87,3,0,0
2024-07-15 03:45:00,798.12,0.247,24.26,3,0,0
2024-07-15 04:00:00,755.79,0.247,24.19,4,0,0
2024-07-15 04:15:00,821.41,0.247,24.78,4,0,0
2024-07-15 04:30:00,785.84,0.247,24.55,4,0,0
2024-07-15 04:45:00,816.77,0.247,23.84,4,0,0
2024-07-15 05:00:00,800.61,0.247,25.76,5,0,0
2024-07-15 05:15:00,762.97,0.247,24.88,5,0,0
2024-07-15 05:30:00,803.94,0.247,25.22,5,0,0
2024-07-15 05:45:00,852.71,0.247,24.74,5,0,0
2024-07-15 06:00:00,811.83,0.247,25.4,6,0,0
2024-07-15 06:15:00,798.62,0.247,25.34,6,0,0
2024-07-15 06:30:00,825.81,0.247,26.21,6,0,0
2024-07-15 06:45:00,805.06,0.247,28.04,6,0,0
2024-07-15 07:00:00,805.03,0.247,25.9,7,0,0
2024-07-15 07:15:00,799.53,0.247,26.06,7,0,0
2024-07-15 07:30:00,1163.98,0.247,28.88,7,0,0
2024-07-15 07:45:00,1402.21,0.247,27.9,7,0,0
2024-07-15 08:00:00,1560.23,0.65,27.91,8,0,0
2024-07-15 08:15:00,1781.75,0.65,29.66,8,0,0
2024-07-15 08:30:00,1670.29,0.65,28.73,8,0,0
2024-07-15 08:45:00,1766.81,0.65,31.07,8,0,0
2024-07-15 09:00:00,1853.81,0.65,30.54,9,0,0
2024-07-15 09:15:00,1765.88,0.65,30.0,9,0,0
2024-07-15 09:30:00,1970.7,0.65,32.51,9,0,0
2024-07-15 09:45:00,1815.6,0.65,30.69,9,0,0
2024-07-15 10:00:00,1910.4,1.105,32.15,10,0,0
2024-07-15 10:15:00,1941.59,1.105,32.17,10,0,0
2024-07-15 10:30:00,1989.52,1.105,33.34,10,0,0
2024-07-15 10:45:00,1875.11,1.105,33.9,10,0,0
2024-07-15 11:00:00,1869.83,1.38125,33.03,11,0,0
2024-07-15 11:15:00,1957.96,1.38125,32.73,11,0,0
2024-07-15 11:30:00,1950.08,1.38125,34.02,11,0,0
2024-07-15 11:45:00,1877.69,1.38125,33.41,11,0,0
2024-07-15 12:00:00,1644.82,0.65,35.85,12,0,0
2024-07-15 12:15:00,1605.92,0.65,34.62,12,0,0
2024-07-15 12:30:00,1552.62,0.65,34.47,12,0,0
2024-07-15 12:45:00,1677.61,0.65,35.14,12,0,0
2024-07-15 13:00:00,1986.22,0.65,34.12,13,0,0
2024-07-15 13:15:00,1998.76,0.65,34.6,13,0,0
2024-07-15 13:30:00,2168.59,0.65,36.5,13,0,0
2024-07-15 13:45:00,2129.71,0.65,35.16,13,0,0
2024-07-15 14:00:00,2235.65,1.105,34.96,14,0,0
2024-07-15 14:15:00,2087.68,1.105,36.31,14,0,0
2024-07-15 14:30:00,2303.42,1.105,36.9,14,0,0
2024-07-15 14:45:00,2276.75,1.105,36.56,14,0,0
2024-07-15 15:00:00,2177.04,1.38125,36.8,15,0,0
2024-07-15 15:15:00,2164.32,1.38125,35.38,15,0,0
2024-07-15 15:30:00,2090.5,1.38125,34.81,15,0,0
2024-07-15 15:45:00,2260.32,1.38125,37.09,15,0,0
2024-07-15 16:00:00,2255.53,1.38125,35.54,16,0,0
2024-07-15 16:15:00,2190.12,1.38125,35.48,16,0,0
2024-07-15 16:30:00,2243.28,1.38125,36.61,16,0,0
2024-07-15 16:45:00,2131.56,1.38125,35.83,16,0,0
2024-07-15 17:00:00,2042.19,1.105,35.56,17,0,0
2024-07-15 17:15:00,2180.36,1.105,36.72,17,0,0
2024-07-15 17:30:00,2121.56,1.105,34.25,17,0,0
2024-07-15 17:45:00,1998.45,1.105,35.25,17,0,0
2024-07-15 18:00:00,1499.1,1.105,34.29,18,0,0
2024-07-15 18:15:00,1512.72,1.105,34.17,18,0,0
2024-07-15 18:30:00,1454.76,1.105,34.88,18,0,0
2024-07-15 18:45:00,1384.13,1.105,33.74,18,0,0
2024-07-15 19:00:00,1352.91,0.65,33.43,19,0,0
2024-07-15 19:15:00,1283.08,0.65,33.51,19,0,0
2024-07-15 19:30:00,1211.49,0.65,32.0,19,0,0
2024-07-15 19:45:00,1212.77,0.65,31.26,19,0,0
2024-07-15 20:00:00,1091.42,0.65,30.72,20,0,0
2024-07-15 20:15:00,1014.99,0.65,29.6,20,0,0
2024-07-15 20:30:00,1104.18,0.65,32.43,20,0,0
2024-07-15 20:45:00,1021.99,0.65,29.51,20,0,0
2024-07-15 21:00:00,972.13,0.65,29.82,21,0,0
2024-07-15 21:15:00,920.25,0.65,29.39,21,0,0
2024-07-15 21:30:00,905.17,0.65,29.46,21,0,0
2024-07-15 21:45:00,827.24,0.65,29.48,21,0,0
2024-07-15 22:00:00,844.66,0.65,29.14,22,0,0
2024-07-15 22:15:00,809.2,0.65,27.6,22,0,0
2024-07-15 22:30:00,790.18,0.65,27.57,22,0,0
2024-07-15 22:45:00,824.14,0.65,27.57,22,0,0
2024-07-15 23:00:00,772.94,0.65,26.8,23,0,0
2024-07-15 23:15:00,827.07,0.65,27.95,23,0,0
2024-07-15 23:30:00,803.71,0.65,26.74,23,0,0
2024-07-15 23:45:00,791.92,0.65,26.63,23,0,0
2024-07-16 00:00:00,799.52,0.247,26.29,0,1,0
2024-07-16 00:15:00,797.43,0.247,26.43,0,1,0
2024-07-16 00:30:00,829.29,0.247,25.38,0,1,0
2024-07-16 00:45:00,774.16,0.247,23.97,0,1,0
2024-07-16 01:00:00,781.7,0.247,25.12,1,1,0
2024-07-16 01:15:00,824.87,0.247,24.1,1,1,0
2024-07-16 01:30:00,785.71,0.247,24.03,1,1,0
2024-07-16 01:45:00,821.61,0.247,24.79,1,1,0
2024-07-16 02:00:00,840.79,0.247,25.2,2,1,0
2024-07-16 02:15:00,790.36,0.247,24.13,2,1,0
2024-07-16 02:30:00,816.35,0.247,24.3,2,1,0
2024-07-16 02:45:00,772.31,0.247,25.37,2,1,0
2024-07-16 03:00:00,818.11,0.247,24.19,3,1,0
2024-07-16 03:15:00,804.79,0.247,26.09,3,1,0
2024-07-16 03:30:00,811.35,0.247,24.5,3,1,0
2024-07-16 03:45:00,784.51,0.247,22.71,3,1,0
2024-07-16 04:00:00,760.13,0.247,24.81,4,1,0
2024-07-16 04:15:00,812.08,0.247,24.62,4,1,0
2024-07-16 04:30:00,750.48,0.247,25.49,4,1,0
2024-07-16 04:45:00,792.38,0.247,25.16,4,1,0
2024-07-16 05:00:00,822.59,0.247,24.69,5,1,0
2024-07-16 05:15:00,804.61,0.247,24.03,5,1,0
2024-07-16 05:30:00,846.76,0.247,25.07,5,1,0
2024-07-16 05:45:00,824.6,0.247,24.81,5,1,0
2024-07-16 06:00:00,784.31,0.247,25.29,6,1,0
2024-07-16 06:15:00,800.66,0.247,26.51,6,1,0
2024-07-16 06:30:00,798.86,0.247,27.68,6,1,0
2024-07-16 06:45:00,762.03,0.247,26.98,6,1,0
2024-07-16 07:00:00,777.43,0.247,26.04,7,1,0
2024-07-16 07:15:00,859.44,0.247,27.7,7,1,0
2024-07-16 07:30:00,1077.68,0.247,28.66,7,1,0
2024-07-16 07:45:00,1347.58,0.247,27.58,7,1,0
2024-07-16 08:00:00,1610.72,0.65,28.34,8,1,0
2024-07-16 08:15:00,1581.68,0.65,28.84,8,1,0
2024-07-16 08:30:00,1687.44,0.65,28.59,8,1,0
2024-07-16 08:45:00,1802.2,0.65,30.13,8,1,0
2024-07-16 09:00:00,1777.22,0.65,29.9,9,1,0
2024-07-16 09:15:00,1803.2,0.65,30.73,9,1,0
2024-07-16 09:30:00,1824.82,0.65,30.07,9,1,0
2024-07-16 09:45:00,1876.58,0.65,30.82,9,1,0
2024-07-16 10:00:00,1930.6,1.105,32.13,10,1,0
2024-07-16 10:15:00,1837.05,1.105,31.63,10,1,0
2024-07-16 10:30:00,2007.51,1.105,33.68,10,1,0
2024-07-16 10:45:00,1977.18,1.105,32.33,10,1,0
2024-07-16 11:00:00,1908.51,1.38125,33.18,11,1,0
2024-07-16 11:15:00,2102.09,1.38125,34.08,11,1,0
2024-07-16 11:30:00,1847.83,1.38125,32.52,11,1,0
2024-07-16 11:45:00,1863.53,1.38125,32.55,11,1,0
2024-07-16 12:00:00,1556.32,0.65,33.02,12,1,0
2024-07-16 12:15:00,1711.27,0.65,35.52,12,1,0
2024-07-16 12:30:00,1560.18,0.65,34.32,12,1,0
2024-07-16 12:45:00,1738.5,0.65,37.04,12,1,0
2024-07-16 13:00:00,1989.66,0.65,34.74,13,1,0
2024-07-16 13:15:00,2118.23,0.65,35.53,13,1,0
2024-07-16 13:30:00,2253.51,0.65,36.78,13,1,0
2024-07-16 13:45:00,2268.8,0.65,37.29,13,1,0
2024-07-16 14:00:00,2083.35,1.105,37.44,14,1,0
2024-07-16 14:15:00,2352.91,1.105,36.85,14,1,0
2024-07-16 14:30:00,2238.36,1.105,36.77,14,1,0
2024-07-16 14:45:00,2155.05,1.105,36.46,14,1,0
2024-07-16 15:00:00,2229.75,1.38125,36.62,15,1,0
2024-07-16 15:15:00,2171.95,1.38125,35.55,15,1,0
2024-07-16 15:30:00,2104.02,1.38125,35.29,15,1,0
2024-07-16 15:45:00,2192.51,1.38125,35.88,15,1,0
2024-07-16 16:00:00,2125.29,1.38125,35.66,16,1,0
2024-07-16 16:15:00,2115.9,1.38125,35.32,16,1,0
2024-07-16 16:30:00,2136.16,1.38125,36.1,16,1,0
2024-07-16 16:45:00,2083.8,1.38125,36.15,16,1,0
2024-07-16 17:00:00,2130.14,1.105,35.27,17,1,0
2024-07-16 17:15:00,2201.36,1.105,36.17,17,1,0
2024-07-16 17:30:00,2056.56,1.105,33.85,17,1,0
2024-07-16 17:45:00,2095.02,1.105,34.36,17,1,0
2024-07-16 18:00:00,1536.92,1.105,33.67,18,1,0
2024-07-16 18:15:00,1413.99,1.105,32.46,18,1,0
2024-07-16 18:30:00,1483.91,1.105,33.59,18,1,0
2024-07-16 18:45:00,1341.23,1.105,33.24,18,1,0
2024-07-16 19:00:00,1362.19,0.65,34.21,19,1,0
2024-07-16 19:15:00,1286.47,0.65,33.16,19,1,0
2024-07-16 19:30:00,1268.75,0.65,31.48,19,1,0
2024-07-16 19:45:00,1299.08,0.65,33.41,19,1,0
2024-07-16 20:00:00,1215.34,0.65,32.53,20,1,0
2024-07-16 20:15:00,1170.12,0.65,31.64,20,1,0
2024-07-16 20:30:00,1038.59,0.65,30.6,20,1,0
2024-07-16 20:45:00,1014.11,0.65,29.62,20,1,0
2024-07-16 21:00:00,970.6,0.65,29.7,21,1,0
2024-07-16 21:15:00,989.68,0.65,30.48,21,1,0
2024-07-16 21:30:00,936.32,0.65,30.72,21,1,0
2024-07-16 21:45:00,878.54,0.65,30.06,21,1,0
2024-07-16 22:00:00,817.02,0.65,28.06,22,1,0
2024-07-16 22:15:00,821.03,0.65,27.18,22,1,0
2024-07-16 22:30:00,783.96,0.65,27.82,22,1,0
2024-07-16 22:45:00,798.53,0.65,25.93,22,1,0
2024-07-16 23:00:00,774.6,0.65,27.26,23,1,0
2024-07-16 23:15:00,740.05,0.65,26.55,23,1,0
2024-07-16 23:30:00,804.81,0.65,25.97,23,1,0
2024-07-16 23:45:00,814.61,0.65,24.77,23,1,0
2024-07-17 00:00:00,806.29,0.247,26.17,0,2,0
2024-07-17 00:15:00,753.21,0.247,25.06,0,2,0
2024-07-17 00:30:00,791.58,0.247,24.3,0,2,0
2024-07-17 00:45:00,746.76,0.247,22.71,0,2,0
2024-07-17 01:00:00,832.87,0.247,24.78,1,2,0
2024-07-17 01:15:00,773.93,0.247,26.04,1,2,0
2024-07-17 01:30:00,830.13,0.247,25.79,1,2,0
2024-07-17 01:45:00,822.7,0.247,23.95,1,2,0
2024-07-17 02:00:00,778.39,0.247,23.72,2,2,0
2024-07-17 02:15:00,772.81,0.247,24.49,2,2,0
2024-07-17 02:30:00,808.41,0.247,23.25,2,2,0
2024-07-17 02:45:00,779.74,0.247,24.25,2,2,0
2024-07-17 03:00:00,802.46,0.247,24.61,3,2,0
2024-07-17 03:15:00,788.41,0.247,24.99,3,2,0
2024-07-17 03:30:00,757.25,0.247,23.97,3,2,0
2024-07-17 03:45:00,746.47,0.247,23.95,3,2,0
2024-07-17 04:00:00,805.44,0.247,23.5,4,2,0
2024-07-17 04:15:00,786.52,0.247,23.66,4,2,0
2024-07-17 04:30:00,786.73,0.247,24.28,4,2,0
2024-07-17 04:45:00,816.7,0.247,24.91,4,2,0
2024-07-17 05:00:00,828.16,0.247,25.53,5,2,0
2024-07-17 05:15:00,793.46,0.247,24.37,5,2,0
2024-07-17 05:30:00,791.83,0.247,26.43,5,2,0
2024-07-17 05:45:00,812.0,0.247,25.27,5,2,0
2024-07-17 06:00:00,767.43,0.247,25.74,6,2,0
2024-07-17 06:15:00,805.36,0.247,25.45,6,2,0
2024-07-17 06:30:00,813.25,0.247,24.41,6,2,0
2024-07-17 06:45:00,816.33,0.247,27.37,6,2,0
2024-07-17 07:00:00,753.52,0.247,27.59,7,2,0
2024-07-17 07:15:00,837.79,0.247,27.12,7,2,0
2024-07-17 07:30:00,1085.22,0.247,27.76,7,2,0
2024-07-17 07:45:00,1390.01,0.247,28.48,7,2,0
2024-07-17 08:00:00,1585.38,0.65,27.2,8,2,0
2024-07-17 08:15:00,1715.93,0.65,28.41,8,2,0
2024-07-17 08:30:00,1709.05,0.65,29.85,8,2,0
2024-07-17 08:45:00,1657.07,0.65,28.6,8,2,0
2024-07-17 09:00:00,1844.73,0.65,30.23,9,2,0
2024-07-17 09:15:00,1758.71,0.65,29.31,9,2,0
2024-07-17 09:30:00,1922.95,0.65,31.16,9,2,0
2024-07-17 09:45:00,1872.84,0.65,31.14,9,2,0
2024-07-17 10:00:00,1747.05,1.105,30.26,10,2,0
2024-07-17 10:15:00,1873.35,1.105,32.86,10,2,0
2024-07-17 10:30:00,1795.19,1.105,31.71,10,2,0
2024-07-17 10:45:00,1928.31,1.105,32.01,10,2,0
2024-07-17 11:00:00,2011.5,1.38125,33.16,11,2,0
2024-07-17 11:15:00,2097.19,1.38125,34.25,11,2,0
2024-07-17 11:30:00,1942.59,1.38125,32.84,11,2,0
2024-07-17 11:45:00,2006.66,1.38125,34.01,11,2,0
2024-07-17 12:00:00,1629.28,0.65,34.59,12,2,0
2024-07-17 12:15:00,1621.28,0.65,35.07,12,2,0
2024-07-17 12:30:00,1714.86,0.65,34.9,12,2,0
2024-07-17 12:45:00,1683.86,0.65,34.7,12,2,0
2024-07-17 13:00:00,2052.03,0.65,34.53,13,2,0
2024-07-17 13:15:00,2129.77,0.65,35.45,13,2,0
2024-07-17 13:30:00,2092.01,0.65,34.69,13,2,0
2024-07-17 13:45:00,2082.79,0.65,33.34,13,2,0
2024-07-17 14:00:00,2254.38,1.105,36.14,14,2,0
2024-07-17 14:15:00,2239.37,1.105,36.61,14,2,0
2024-07-17 14:30:00,2118.31,1.105,34.06,14,2,0
2024-07-17 14:45:00,2166.9,1.105,35.18,14,2,0
2024-07-17 15:00:00,2181.47,1.38125,36.5,15,2,0
2024-07-17 15:15:00,2330.54,1.38125,37.63,15,2,0
2024-07-17 15:30:00,2093.62,1.38125,35.97,15,2,0
2024-07-17 15:45:00,2214.58,1.38125,35.3,15,2,0
2024-07-17 16:00:00,2086.61,1.38125,35.65,16,2,0
2024-07-17 16:15:00,2243.63,1.38125,36.78,16,2,0
2024-07-17 16:30:00,2066.73,1.38125,35.03,16,2,0
2024-07-17 16:45:00,2133.29,1.38125,34.74,16,2,0
2024-07-17 17:00:00,2093.12,1.105,34.81,17,2,0
2024-07-17 17:15:00,1956.47,1.105,34.23,17,2,0
2024-07-17 17:30:00,2107.8,1.105,34.86,17,2,0
2024-07-17 17:45:00,2088.43,1.105,35.81,17,2,0
2024-07-17 18:00:00,1598.21,1.105,34.5,18,2,0
2024-07-17 18:15:00,1489.98,1.105,33.75,18,2,0
2024-07-17 18:30:00,1457.84,1.105,33.42,18,2,0
2024-07-17 18:45:00,1314.27,1.105,32.08,18,2,0
2024-07-17 19:00:00,1356.42,0.65,33.71,19,2,0
2024-07-17 19:15:00,1285.84,0.65,32.59,19,2,0
2024-07-17 19:30:00,1285.5,0.65,32.15,19,2,0
2024-07-17 19:45:00,1366.43,0.65,34.48,19,2,0
2024-07-17 20:00:00,1144.32,0.65,31.79,20,2,0
2024-07-17 20:15:00,1133.78,0.65,30.57,20,2,0
2024-07-17 20:30:00,992.49,0.65,30.44,20,2,0
2024-07-17 20:45:00,1018.35,0.65,31.31,20,2,0
2024-07-17 21:00:00,957.63,0.65,30.09,21,2,0
2024-07-17 21:15:00,869.36,0.65,28.46,21,2,0
2024-07-17 21:30:00,874.18,0.65,29.95,21,2,0
2024-07-17 21:45:00,851.04,0.65,28.29,21,2,0
2024-07-17 22:00:00,848.09,0.65,29.95,22,2,0
2024-07-17 22:15:00,815.56,0.65,28.94,22,2,0
2024-07-17 22:30:00,816.57,0.65,27.35,22,2,0
2024-07-17 22:45:00,806.37,0.65,28.37,22,2,0
2024-07-17 23:00:00,815.79,0.65,27.05,23,2,0
2024-07-17 23:15:00,798.33,0.65,27.35,23,2,0
2024-07-17 23:30:00,771.51,0.65,26.74,23,2,0
2024-07-17 23:45:00,825.39,0.65,25.37,23,2,0
2024-07-18 00:00:00,785.86,0.247,25.24,0,3,0
2024-07-18 00:15:00,777.55,0.247,26.31,0,3,0
2024-07-18 00:30:00,795.73,0.247,24.97,0,3,0
2024-07-18 00:45:00,778.09,0.247,24.69,0,3,0
2024-07-18 01:00:00,789.98,0.247,24.04,1,3,0
2024-07-18 01:15:00,808.26,0.247,24.96,1,3,0
2024-07-18 01:30:00,808.36,0.247,26.11,1,3,0
2024-07-18 01:45:00,778.45,0.247,23.46,1,3,0
2024-07-18 02:00:00,788.3,0.247,24.22,2,3,0
2024-07-18 02:15:00,825.78,0.247,25.25,2,3,0
2024-07-18 02:30:00,811.91,0.247,23.99,2,3,0
2024-07-18 02:45:00,849.8,0.247,24.37,2,3,0
2024-07-18 03:00:00,828.32,0.247,23.15,3,3,0
2024-07-18 03:15:00,827.46,0.247,24.36,3,3,0
2024-07-18 03:30:00,766.69,0.247,23.9,3,3,0
2024-07-18 03:45:00,818.33,0.247,24.9,3,3,0
2024-07-18 04:00:00,798.73,0.247,25.15,4,3,0
2024-07-18 04:15:00,786.78,0.247,26.39,4,3,0
2024-07-18 04:30:00,804.03,0.247,24.92,4,3,0
2024-07-18 04:45:00,822.69,0.247,24.88,4,3,0
2024-07-18 05:00:00,812.02,0.247,24.96,5,3,0
2024-07-18 05:15:00,778.92,0.247,24.73,5,3,0
2024-07-18 05:30:00,817.82,0.247,25.51,5,3,0
2024-07-18 05:45:00,784.7,0.247,25.25,5,3,0
2024-07-18 06:00:00,805.2,0.247,25.89,6,3,0
2024-07-18 06:15:00,792.72,0.247,27.1,6,3,0
2024-07-18 06:30:00,794.75,0.247,25.54,6,3,0
2024-07-18 06:45:00,818.39,0.247,27.58,6,3,0
2024-07-18 07:00:00,775.04,0.247,28.05,7,3,0
2024-07-18 07:15:00,911.4,0.247,27.25,7,3,0
2024-07-18 07:30:00,992.86,0.247,26.01,7,3,0
2024-07-18 07:45:00,1321.61,0.247,27.59,7,3,0
2024-07-18 08:00:00,1701.64,0.65,29.48,8,3,0
2024-07-18 08:15:00,1692.82,0.65,28.81,8,3,0
2024-07-18 08:30:00,1653.05,0.65,28.42,8,3,0
2024-07-18 08:45:00,1711.59,0.65,29.2,8,3,0
2024-07-18 09:00:00,1829.27,0.65,30.67,9,3,0
2024-07-18 09:15:00,1813.81,0.65,30.83,9,3,0
2024-07-18 09:30:00,1897.64,0.65,30.59,9,3,0
2024-07-18 09:45:00,1888.55,0.65,30.88,9,3,0
2024-07-18 10:00:00,1912.63,1.105,31.24,10,3,0
2024-07-18 10:15:00,1805.54,1.105,31.19,10,3,0
2024-07-18 10:30:00,1981.36,1.105,33.59,10,3,0
2024-07-18 10:45:00,1894.87,1.105,32.4,10,3,0
2024-07-18 11:00:00,1926.53,1.38125,33.97,11,3,0
2024-07-18 11:15:00,2024.68,1.38125,34.55,11,3,0
2024-07-18 11:30:00,1948.93,1.38125,34.45,11,3,0
2024-07-18 11:45:00,1955.81,1.38125,33.61,11,3,0
2024-07-18 12:00:00,1604.03,0.65,34.57,12,3,0
2024-07-18 12:15:00,1739.24,0.65,34.49,12,3,0
2024-07-18 12:30:00,1589.73,0.65,34.04,12,3,0
2024-07-18 12:45:00,1698.81,0.65,35.25,12,3,0
2024-07-18 13:00:00,2078.17,0.65,34.25,13,3,0
2024-07-18 13:15:00,2117.23,0.65,36.33,13,3,0
2024-07-18 13:30:00,2152.63,0.65,35.17,13,3,0
2024-07-18 13:45:00,2065.94,0.65,35.84,13,3,0
2024-07-18 14:00:00,2257.44,1.105,36.02,14,3,0
2024-07-18 14:15:00,2151.99,1.105,35.68,14,3,0
2024-07-18 14:30:00,2159.63,1.105,36.42,14,3,0
2024-07-18 14:45:00,2138.81,1.105,35.61,14,3,0
2024-07-18 15:00:00,2277.45,1.38125,36.7,15,3,0
2024-07-18 15:15:00,2087.24,1.38125,34.91,15,3,0
2024-07-18 15:30:00,2140.59,1.38125,36.05,15,3,0
2024-07-18 15:45:00,2252.57,1.38125,37.44,15,3,0
2024-07-18 16:00:00,2052.03,1.38125,35.0,16,3,0
2024-07-18 16:15:00,2248.16,1.38125,35.14,16,3,0
2024-07-18 16:30:00,2135.91,1.38125,35.95,16,3,0
2024-07-18 16:45:00,2195.94,1.38125,35.52,16,3,0
2024-07-18 17:00:00,2146.03,1.105,35.48,17,3,0
2024-07-18 17:15:00,2056.63,1.105,35.38,17,3,0
2024-07-18 17:30:00,2103.93,1.105,35.27,17,3,0
2024-07-18 17:45:00,2151.91,1.105,35.4,17,3,0
2024-07-18 18:00:00,1551.15,1.105,34.57,18,3,0
2024-07-18 18:15:00,1543.62,1.105,33.76,18,3,0
2024-07-18 18:30:00,1516.73,1.105,34.19,18,3,0
2024-07-18 18:45:00,1501.6,1.105,34.85,18,3,0
2024-07-18 19:00:00,1331.28,0.65,32.89,19,3,0
2024-07-18 19:15:00,1235.8,0.65,31.87,19,3,0
2024-07-18 19:30:00,1266.71,0.65,33.18,19,3,0
2024-07-18 19:45:00,1215.01,0.65,31.83,19,3,0
2024-07-18 20:00:00,1123.28,0.65,29.81,20,3,0
2024-07-18 20:15:00,1066.38,0.65,31.85,20,3,0
2024-07-18 20:30:00,1058.53,0.65,30.35,20,3,0
2024-07-18 20:45:00,1030.15,0.65,30.32,20,3,0
2024-07-18 21:00:00,983.01,0.65,30.27,21,3,0
2024-07-18 21:15:00,980.75,0.65,29.76,21,3,0
2024-07-18 21:30:00,924.59,0.65,29.78,21,3,0
2024-07-18 21:45:00,878.94,0.65,28.48,21,3,0
2024-07-18 22:00:00,819.67,0.65,28.86,22,3,0
2024-07-18 22:15:00,822.5,0.65,27.86,22,3,0
2024-07-18 22:30:00,839.24,0.65,28.29,22,3,0
2024-07-18 22:45:00,831.48,0.65,27.84,22,3,0
2024-07-18 23:00:00,773.79,0.65,26.25,23,3,0
2024-07-18 23:15:00,793.91,0.65,27.54,23,3,0
2024-07-18 23:30:00,791.72,0.65,25.92,23,3,0
2024-07-18 23:45:00,811.74,0.65,26.69,23,3,0
2024-07-19 00:00:00,816.47,0.247,26.05,0,4,0
2024-07-19 00:15:00,779.87,0.247,26.96,0,4,0
2024-07-19 00:30:00,801.63,0.247,25.06,0,4,0
2024-07-19 00:45:00,751.52,0.247,24.73,0,4,0
2024-07-19 01:00:00,834.61,0.247,24.79,1,4,0
2024-07-19 01:15:00,787.7,0.247,24.38,1,4,0
2024-07-19 01:30:00,801.34,0.247,25.1,1,4,0
2024-07-19 01:45:00,792.57,0.247,23.03,1,4,0
2024-07-19 02:00:00,827.5,0.247,23.36,2,4,0
2024-07-19 02:15:00,731.9,0.247,23.26,2,4,0
2024-07-19 02:30:00,799.6,0.247,24.81,2,4,0
2024-07-19 02:45:00,797.46,0.247,25.38,2,4,0
2024-07-19 03:00:00,789.11,0.247,23.92,3,4,0
2024-07-19 03:15:00,841.43,0.247,23.88,3,4,0
2024-07-19 03:30:00,778.7,0.247,24.11,3,4,0
2024-07-19 03:45:00,818.52,0.247,25.04,3,4,0
2024-07-19 04:00:00,808.55,0.247,23.46,4,4,0
2024-07-19 04:15:00,830.28,0.247,24.51,4,4,0
2024-07-19 04:30:00,783.99,0.247,25.24,4,4,0
2024-07-19 04:45:00,782.41,0.247,25.02,4,4,0
2024-07-19 05:00:00,826.31,0.247,24.96,5,4,0
2024-07-19 05:15:00,810.21,0.247,25.81,5,4,0
2024-07-19 05:30:00,762.92,0.247,23.08,5,4,0
2024-07-19 05:45:00,787.06,0.247,26.03,5,4,0
2024-07-19 06:00:00,809.27,0.247,25.23,6,4,0
2024-07-19 06:15:00,820.11,0.247,24.58,6,4,0
2024-07-19 06:30:00,783.7,0.247,26.76,6,4,0
2024-07-19 06:45:00,730.06,0.247,27.77,6,4,0
2024-07-19 07:00:00,812.56,0.247,26.89,7,4,0
2024-07-19 07:15:00,853.45,0.247,28.11,7,4,0
2024-07-19 07:30:00,1089.81,0.247,28.99,7,4,0
2024-07-19 07:45:00,1294.2,0.247,29.12,7,4,0
2024-07-19 08:00:00,1738.8,0.65,29.76,8,4,0
2024-07-19 08:15:00,1702.65,0.65,29.42,8,4,0
2024-07-19 08:30:00,1692.51,0.65,29.28,8,4,0
2024-07-19 08:45:00,1736.65,0.65,28.33,8,4,0
2024-07-19 09:00:00,1793.4,0.65,29.8,9,4,0
2024-07-19 09:15:00,1851.28,0.65,29.72,9,4,0
2024-07-19 09:30:00,1846.87,0.65,32.52,9,4,0
2024-07-19 09:45:00,1848.66,0.65,31.03,9,4,0
2024-07-19 10:00:00,1795.04,1.105,31.65,10,4,0
2024-07-19 10:15:00,1911.13,1.105,32.37,10,4,0
2024-07-19 10:30:00,1902.72,1.105,32.33,10,4,0
2024-07-19 10:45:00,2037.96,1.105,34.01,10,4,0
2024-07-19 11:00:00,1909.06,1.38125,32.5,11,4,0
2024-07-19 11:15:00,1982.16,1.38125,33.49,11,4,0
2024-07-19 11:30:00,1946.6,1.38125,33.06,11,4,0
2024-07-19 11:45:00,2001.98,1.38125,32.9,11,4,0
2024-07-19 12:00:00,1605.65,0.65,33.75,12,4,0
2024-07-19 12:15:00,1606.8,0.65,34.48,12,4,0
2024-07-19 12:30:00,1662.78,0.65,34.42,12,4,0
2024-07-19 12:45:00,1611.66,0.65,34.43,12,4,0
2024-07-19 13:00:00,2109.72,0.65,34.07,13,4,0
2024-07-19 13:15:00,2079.99,0.65,35.31,13,4,0
2024-07-19 13:30:00,2017.85,0.65,34.34,13,4,0
2024-07-19 13:45:00,2139.32,0.65,36.29,13,4,0
2024-07-19 14:00:00,2200.62,1.105,35.86,14,4,0
2024-07-19 14:15:00,2087.22,1.105,34.72,14,4,0
2024-07-19 14:30:00,2117.0,1.105,35.7,14,4,0
2024-07-19 14:45:00,2252.84,1.105,35.39,14,4,0
2024-07-19 15:00:00,2142.02,1.38125,36.26,15,4,0
2024-07-19 15:15:00,2248.7,1.38125,37.06,15,4,0
2024-07-19 15:30:00,2140.11,1.38125,34.45,15,4,0
2024-07-19 15:45:00,2078.0,1.38125,35.98,15,4,0
2024-07-19 16:00:00,2196.39,1.38125,35.67,16,4,0
2024-07-19 16:15:00,2123.33,1.38125,36.22,16,4,0
2024-07-19 16:30:00,2212.56,1.38125,35.71,16,4,0
2024-07-19 16:45:00,2039.91,1.38125,34.78,16,4,0
2024-07-19 17:00:00,2146.29,1.105,34.94,17,4,0
2024-07-19 17:15:00,2130.21,1.105,34.35,17,4,0
2024-07-19 17:30:00,2178.83,1.105,35.62,17,4,0
2024-07-19 17:45:00,2069.74,1.105,34.53,17,4,0
2024-07-19 18:00:00,1598.9,1.105,35.76,18,4,0
2024-07-19 18:15:00,1470.33,1.105,33.91,18,4,0
2024-07-19 18:30:00,1490.4,1.105,33.09,18,4,0
2024-07-19 18:45:00,1326.26,1.105,32.12,18,4,0
2024-07-19 19:00:00,1258.62,0.65,31.56,19,4,0
2024-07-19 19:15:00,1284.23,0.65,31.39,19,4,0
2024-07-19 19:30:00,1235.97,0.65,32.51,19,4,0
2024-07-19 19:45:00,1190.63,0.65,32.34,19,4,0
2024-07-19 20:00:00,1072.76,0.65,30.29,20,4,0
2024-07-19 20:15:00,1125.42,0.65,31.89,20,4,0
2024-07-19 20:30:00,1057.5,0.65,30.4,20,4,0
2024-07-19 20:45:00,1038.73,0.65,30.51,20,4,0
2024-07-19 21:00:00,1051.36,0.65,31.29,21,4,0
2024-07-19 21:15:00,975.87,0.65,30.33,21,4,0
2024-07-19 21:30:00,885.86,0.65,29.0,21,4,0
2024-07-19 21:45:00,830.8,0.65,28.12,21,4,0
2024-07-19 22:00:00,812.24,0.65,26.73,22,4,0
2024-07-19 22:15:00,830.54,0.65,27.5,22,4,0
2024-07-19 22:30:00,803.03,0.65,27.53,22,4,0
2024-07-19 22:45:00,788.74,0.65,26.56,22,4,0
2024-07-19 23:00:00,776.17,0.65,26.89,23,4,0
2024-07-19 23:15:00,765.32,0.65,26.73,23,4,0
2024-07-19 23:30:00,815.99,0.65,26.17,23,4,0
2024-07-19 23:45:00,813.87,0.65,25.52,23,4,0
2024-07-20 00:00:00,813.86,0.247,25.89,0,5,1
2024-07-20 00:15:00,796.91,0.247,25.84,0,5,1
2024-07-20 00:30:00,833.77,0.247,24.37,0,5,1
2024-07-20 00:45:00,788.38,0.247,26.14,0,5,1
2024-07-20 01:00:00,822.93,0.247,24.72,1,5,1
2024-07-20 01:15:00,799.07,0.247,24.63,1,5,1
2024-07-20 01:30:00,785.4,0.247,25.02,1,5,1
2024-07-20 01:45:00,814.22,0.247,24.5,1,5,1
2024-07-20 02:00:00,809.83,0.247,24.97,2,5,1
2024-07-20 02:15:00,808.57,0.247,24.34,2,5,1
2024-07-20 02:30:00,801.95,0.247,23.56,2,5,1
2024-07-20 02:45:00,799.09,0.247,24.3,2,5,1
2024-07-20 03:00:00,857.32,0.247,23.09,3,5,1
2024-07-20 03:15:00,828.42,0.247,24.1,3,5,1
2024-07-20 03:30:00,817.35,0.247,24.02,3,5,1
2024-07-20 03:45:00,802.68,0.247,23.95,3,5,1
2024-07-20 04:00:00,824.17,0.247,24.1,4,5,1
2024-07-20 04:15:00,812.43,0.247,22.81,4,5,1
2024-07-20 04:30:00,800.63,0.247,24.02,4,5,1
2024-07-20 04:45:00,792.71,0.247,24.69,4,5,1
2024-07-20 05:00:00,798.06,0.247,24.93,5,5,1
2024-07-20 05:15:00,723.91,0.247,24.19,5,5,1
2024-07-20 05:30:00,805.05,0.247,26.25,5,5,1
2024-07-20 05:45:00,788.28,0.247,24.8,5,5,1
2024-07-20 06:00:00,838.22,0.247,26.53,6,5,1
2024-07-20 06:15:00,800.46,0.247,26.39,6,5,1
2024-07-20 06:30:00,771.46,0.247,25.83,6,5,1
2024-07-20 06:45:00,798.8,0.247,28.09,6,5,1
2024-07-20 07:00:00,774.89,0.247,26.05,7,5,1
2024-07-20 07:15:00,811.36,0.247,28.08,7,5,1
2024-07-20 07:30:00,806.98,0.247,28.5,7,5,1
2024-07-20 07:45:00,967.47,0.247,27.53,7,5,1
2024-07-20 08:00:00,1152.85,0.65,29.56,8,5,1
2024-07-20 08:15:00,1159.0,0.65,28.63,8,5,1
2024-07-20 08:30:00,1150.11,0.65,29.45,8,5,1
2024-07-20 08:45:00,1249.04,0.65,29.82,8,5,1
2024-07-20 09:00:00,1254.46,0.65,29.89,9,5,1
2024-07-20 09:15:00,1305.75,0.65,31.04,9,5,1
2024-07-20 09:30:00,1306.87,0.65,31.42,9,5,1
2024-07-20 09:45:00,1262.41,0.65,29.77,9,5,1
2024-07-20 10:00:00,1422.35,1.105,32.6,10,5,1
2024-07-20 10:15:00,1267.84,1.105,30.6,10,5,1
2024-07-20 10:30:00,1378.04,1.105,33.12,10,5,1
2024-07-20 10:45:00,1337.79,1.105,33.56,10,5,1
2024-07-20 11:00:00,1285.87,1.38125,32.13,11,5,1
2024-07-20 11:15:00,1347.69,1.38125,33.0,11,5,1
2024-07-20 11:30:00,1367.41,1.38125,32.77,11,5,1
2024-07-20 11:45:00,1338.73,1.38125,33.78,11,5,1
2024-07-20 12:00:00,1134.2,0.65,34.0,12,5,1
2024-07-20 12:15:00,1163.47,0.65,35.13,12,5,1
2024-07-20 12:30:00,1179.66,0.65,35.81,12,5,1
2024-07-20 12:45:00,1218.86,0.65,36.11,12,5,1
2024-07-20 13:00:00,1375.32,0.65,34.75,13,5,1
2024-07-20 13:15:00,1520.84,0.65,35.21,13,5,1
2024-07-20 13:30:00,1402.74,0.65,34.2,13,5,1
2024-07-20 13:45:00,1501.87,0.65,35.04,13,5,1
2024-07-20 14:00:00,1477.13,1.105,36.57,14,5,1
2024-07-20 14:15:00,1596.18,1.105,37.18,14,5,1
2024-07-20 14:30:00,1511.64,1.105,34.96,14,5,1
2024-07-20 14:45:00,1524.37,1.105,35.51,14,5,1
2024-07-20 15:00:00,1482.4,1.38125,35.98,15,5,1
2024-07-20 15:15:00,1550.28,1.38125,36.21,15,5,1
2024-07-20 15:30:00,1449.81,1.38125,35.3,15,5,1
2024-07-20 15:45:00,1527.59,1.38125,36.22,15,5,1
2024-07-20 16:00:00,1552.19,1.38125,35.42,16,5,1
2024-07-20 16:15:00,1549.38,1.38125,35.67,16,5,1
2024-07-20 16:30:00,1522.69,1.38125,35.98,16,5,1
2024-07-20 16:45:00,1450.59,1.38125,35.39,16,5,1
2024-07-20 17:00:00,1496.57,1.105,34.85,17,5,1
2024-07-20 17:15:00,1465.58,1.105,34.9,17,5,1
2024-07-20 17:30:00,1349.53,1.105,34.69,17,5,1
2024-07-20 17:45:00,1459.32,1.105,34.22,17,5,1
2024-07-20 18:00:00,1075.46,1.105,34.04,18,5,1
2024-07-20 18:15:00,1124.61,1.105,35.23,18,5,1
2024-07-20 18:30:00,993.87,1.105,34.1,18,5,1
2024-07-20 18:45:00,882.01,1.105,33.1,18,5,1
2024-07-20 19:00:00,970.67,0.65,33.56,19,5,1
2024-07-20 19:15:00,915.26,0.65,32.39,19,5,1
2024-07-20 19:30:00,858.78,0.65,33.23,19,5,1
2024-07-20 19:45:00,830.06,0.65,32.22,19,5,1
2024-07-20 20:00:00,880.3,0.65,31.47,20,5,1
2024-07-20 20:15:00,792.67,0.65,31.53,20,5,1
2024-07-20 20:30:00,817.54,0.65,29.53,20,5,1
2024-07-20 20:45:00,784.38,0.65,29.49,20,5,1
2024-07-20 21:00:00,749.83,0.65,29.04,21,5,1
2024-07-20 21:15:00,795.91,0.65,29.72,21,5,1
2024-07-20 21:30:00,793.63,0.65,30.6,21,5,1
2024-07-20 21:45:00,790.4,0.65,30.61,21,5,1
2024-07-20 22:00:00,797.25,0.65,28.96,22,5,1
2024-07-20 22:15:00,806.34,0.65,28.47,22,5,1
2024-07-20 22:30:00,796.4,0.65,26.26,22,5,1
2024-07-20 22:45:00,769.66,0.65,26.91,22,5,1
2024-07-20 23:00:00,811.67,0.65,26.37,23,5,1
2024-07-20 23:15:00,753.22,0.65,26.17,23,5,1
2024-07-20 23:30:00,750.79,0.65,26.21,23,5,1
2024-07-20 23:45:00,817.74,0.65,25.67,23,5,1
2024-07-21 00:00:00,812.17,0.247,24.17,0,6,1
2024-07-21 00:15:00,798.62,0.247,26.09,0,6,1
2024-07-21 00:30:00,766.51,0.247,24.38,0,6,1
2024-07-21 00:45:00,783.01,0.247,25.2,0,6,1
2024-07-21 01:00:00,793.69,0.247,26.46,1,6,1
2024-07-21 01:15:00,761.7,0.247,23.88,1,6,1
2024-07-21 01:30:00,782.26,0.247,22.43,1,6,1
2024-07-21 01:45:00,815.66,0.247,24.09,1,6,1
2024-07-21 02:00:00,834.26,0.247,25.09,2,6,1
2024-07-21 02:15:00,789.93,0.247,25.68,2,6,1
2024-07-21 02:30:00,818.16,0.247,23.07,2,6,1
2024-07-21 02:45:00,754.06,0.247,24.41,2,6,1
2024-07-21 03:00:00,815.83,0.247,23.63,3,6,1
2024-07-21 03:15:00,780.71,0.247,23.93,3,6,1
2024-07-21 03:30:00,807.38,0.247,26.17,3,6,1
2024-07-21 03:45:00,794.05,0.247,22.91,3,6,1
2024-07-21 04:00:00,831.69,0.247,24.41,4,6,1
2024-07-21 04:15:00,779.01,0.247,24.69,4,6,1
2024-07-21 04:30:00,815.06,0.247,25.33,4,6,1
2024-07-21 04:45:00,793.29,0.247,24.7,4,6,1
2024-07-21 05:00:00,796.2,0.247,25.05,5,6,1
2024-07-21 05:15:00,795.59,0.247,24.7,5,6,1
2024-07-21 05:30:00,779.7,0.247,25.46,5,6,1
2024-07-21 05:45:00,799.66,0.247,25.21,5,6,1
2024-07-21 06:00:00,798.5,0.247,26.25,6,6,1
2024-07-21 06:15:00,805.79,0.247,25.75,6,6,1
2024-07-21 06:30:00,802.03,0.247,26.65,6,6,1
2024-07-21 06:45:00,819.15,0.247,26.64,6,6,1
2024-07-21 07:00:00,822.16,0.247,27.9,7,6,1
2024-07-21 07:15:00,774.79,0.247,27.31,7,6,1
2024-07-21 07:30:00,820.85,0.247,26.29,7,6,1
2024-07-21 07:45:00,953.55,0.247,29.08,7,6,1
2024-07-21 08:00:00,1132.94,0.65,27.72,8,6,1
2024-07-21 08:15:00,1167.13,0.65,28.31,8,6,1
2024-07-21 08:30:00,1105.48,0.65,28.74,8,6,1
2024-07-21 08:45:00,1260.47,0.65,30.71,8,6,1
2024-07-21 09:00:00,1157.81,0.65,28.29,9,6,1
2024-07-21 09:15:00,1326.96,0.65,32.9,9,6,1
2024-07-21 09:30:00,1368.17,0.65,31.63,9,6,1
2024-07-21 09:45:00,1282.07,0.65,31.35,9,6,1
2024-07-21 10:00:00,1283.27,1.105,31.51,10,6,1
2024-07-21 10:15:00,1341.9,1.105,32.16,10,6,1
2024-07-21 10:30:00,1384.5,1.105,32.71,10,6,1
2024-07-21 10:45:00,1362.29,1.105,33.17,10,6,1
2024-07-21 11:00:00,1418.33,1.38125,33.44,11,6,1
2024-07-21 11:15:00,1380.51,1.38125,33.41,11,6,1
2024-07-21 11:30:00,1262.52,1.38125,33.49,11,6,1
2024-07-21 11:45:00,1329.53,1.38125,33.84,11,6,1
2024-07-21 12:00:00,1125.81,0.65,34.09,12,6,1
2024-07-21 12:15:00,1203.76,0.65,35.42,12,6,1
2024-07-21 12:30:00,1087.98,0.65,35.23,12,6,1
2024-07-21 12:45:00,1183.91,0.65,32.64,12,6,1
2024-07-21 13:00:00,1501.14,0.65,35.72,13,6,1
2024-07-21 13:15:00,1483.68,0.65,35.54,13,6,1
2024-07-21 13:30:00,1535.73,0.65,35.53,13,6,1
2024-07-21 13:45:00,1587.36,0.65,35.37,13,6,1
2024-07-21 14:00:00,1580.88,1.105,36.69,14,6,1
2024-07-21 14:15:00,1587.69,1.105,36.64,14,6,1
2024-07-21 14:30:00,1502.21,1.105,35.33,14,6,1
2024-07-21 14:45:00,1532.11,1.105,36.31,14,6,1
2024-07-21 15:00:00,1476.63,1.38125,35.22,15,6,1
2024-07-21 15:15:00,1449.25,1.38125,34.88,15,6,1
2024-07-21 15:30:00,1477.86,1.38125,35.45,15,6,1
2024-07-21 15:45:00,1490.25,1.38125,36.57,15,6,1
2024-07-21 16:00:00,1547.41,1.38125,36.56,16,6,1
2024-07-21 16:15:00,1452.59,1.38125,36.09,16,6,1
2024-07-21 16:30:00,1536.4,1.38125,36.12,16,6,1
2024-07-21 16:45:00,1508.7,1.38125,35.79,16,6,1
2024-07-21 17:00:00,1468.14,1.105,34.68,17,6,1
2024-07-21 17:15:00,1458.45,1.105,35.33,17,6,1
2024-07-21 17:30:00,1614.62,1.105,35.4,17,6,1
2024-07-21 17:45:00,1520.31,1.105,35.11,17,6,1
2024-07-21 18:00:00,1068.84,1.105,35.19,18,6,1
2024-07-21 18:15:00,1072.45,1.105,34.52,18,6,1
2024-07-21 18:30:00,1004.28,1.105,33.93,18,6,1
2024-07-21 18:45:00,974.2,1.105,34.19,18,6,1
2024-07-21 19:00:00,909.11,0.65,32.98,19,6,1
2024-07-21 19:15:00,907.56,0.65,31.95,19,6,1
2024-07-21 19:30:00,859.71,0.65,32.17,19,6,1
2024-07-21 19:45:00,857.44,0.65,31.33,19,6,1
2024-07-21 20:00:00,826.16,0.65,31.01,20,6,1
2024-07-21 20:15:00,832.97,0.65,31.05,20,6,1
2024-07-21 20:30:00,779.54,0.65,30.15,20,6,1
2024-07-21 20:45:00,811.41,0.65,30.15,20,6,1
2024-07-21 21:00:00,815.18,0.65,28.49,21,6,1
2024-07-21 21:15:00,788.62,0.65,29.78,21,6,1
2024-07-21 21:30:00,781.48,0.65,29.22,21,6,1
2024-07-21 21:45:00,838.63,0.65,28.18,21,6,1
2024-07-21 22:00:00,805.46,0.65,28.97,22,6,1
2024-07-21 22:15:00,815.26,0.65,28.82,22,6,1
2024-07-21 22:30:00,780.27,0.65,26.42,22,6,1
2024-07-21 22:45:00,770.74,0.65,26.74,22,6,1
2024-07-21 23:00:00,786.33,0.65,26.38,23,6,1
2024-07-21 23:15:00,797.02,0.65,25.91,23,6,1
2024-07-21 23:30:00,774.46,0.65,27.01,23,6,1
2024-07-21 23:45:00,799.76,0.65,25.89,23,6,1
2024-07-22 00:00:00,759.48,0.247,25.55,0,0,0
2024-07-22 00:15:00,773.12,0.247,23.89,0,0,0
2024-07-22 00:30:00,816.1,0.247,25.75,0,0,0
2024-07-22 00:45:00,814.49,0.247,24.02,0,0,0
2024-07-22 01:00:00,790.59,0.247,24.85,1,0,0
2024-07-22 01:15:00,775.57,0.247,24.84,1,0,0
2024-07-22 01:30:00,775.34,0.247,25.55,1,0,0
2024-07-22 01:45:00,791.04,0.247,23.27,1,0,0
2024-07-22 02:00:00,815.47,0.247,21.79,2,0,0
2024-07-22 02:15:00,822.28,0.247,24.26,2,0,0
2024-07-22 02:30:00,788.08,0.247,25.49,2,0,0
2024-07-22 02:45:00,772.32,0.247,25.0,2,0,0
2024-07-22 03:00:00,806.43,0.247,24.17,3,0,0
2024-07-22 03:15:00,780.24,0.247,23.62,3,0,0
2024-07-22 03:30:00,787.56,0.247,24.7,3,0,0
2024-07-22 03:45:00,831.81,0.247,23.34,3,0,0
2024-07-22 04:00:00,819.85,0.247,24.59,4,0,0
2024-07-22 04:15:00,803.79,0.247,24.72,4,0,0
2024-07-22 04:30:00,769.47,0.247,25.3,4,0,0
2024-07-22 04:45:00,805.07,0.247,26.83,4,0,0
2024-07-22 05:00:00,825.5,0.247,25.12,5,0,0
2024-07-22 05:15:00,790.98,0.247,24.6,5,0,0
2024-07-22 05:30:00,832.43,0.247,25.22,5,0,0
2024-07-22 05:45:00,831.03,0.247,24.07,5,0,0
2024-07-22 06:00:00,839.93,0.247,25.2,6,0,0
2024-07-22 06:15:00,807.33,0.247,25.72,6,0,0
2024-07-22 06:30:00,814.1,0.247,25.93,6,0,0
2024-07-22 06:45:00,833.94,0.247,26.79,6,0,0
2024-07-22 07:00:00,810.74,0.247,26.34,7,0,0
2024-07-22 07:15:00,876.39,0.247,28.24,7,0,0
2024-07-22 07:30:00,1097.65,0.247,27.7,7,0,0
2024-07-22 07:45:00,1376.89,0.247,28.06,7,0,0
2024-07-22 08:00:00,1552.18,0.65,28.18,8,0,0
2024-07-22 08:15:00,1664.03,0.65,28.95,8,0,0
2024-07-22 08:30:00,1793.25,0.65,29.88,8,0,0
2024-07-22 08:45:00,1587.21,0.65,28.91,8,0,0
2024-07-22 09:00:00,1822.02,0.65,29.47,9,0,0
2024-07-22 09:15:00,1849.51,0.65,30.15,9,0,0
2024-07-22 09:30:00,1748.42,0.65,29.71,9,0,0
2024-07-22 09:45:00,1851.93,0.65,30.52,9,0,0
2024-07-22 10:00:00,1860.28,1.105,31.17,10,0,0
2024-07-22 10:15:00,2010.14,1.105,32.63,10,0,0
2024-07-22 10:30:00,1983.44,1.105,32.51,10,0,0
2024-07-22 10:45:00,1853.41,1.105,32.81,10,0,0
2024-07-22 11:00:00,2005.24,1.38125,33.68,11,0,0
2024-07-22 11:15:00,1919.52,1.38125,33.22,11,0,0
2024-07-22 11:30:00,1959.72,1.38125,33.96,11,0,0
2024-07-22 11:45:00,1889.82,1.38125,33.87,11,0,0
2024-07-22 12:00:00,1738.95,0.65,34.45,12,0,0
2024-07-22 12:15:00,1684.98,0.65,34.04,12,0,0
2024-07-22 12:30:00,1543.81,0.65,32.81,12,0,0
2024-07-22 12:45:00,1604.41,0.65,34.88,12,0,0
2024-07-22 13:00:00,2119.87,0.65,36.33,13,0,0
2024-07-22 13:15:00,2170.45,0.65,36.12,13,0,0
2024-07-22 13:30:00,2178.16,0.65,36.32,13,0,0
2024-07-22 13:45:00,2273.65,0.65,36.67,13,0,0
2024-07-22 14:00:00,2205.53,1.105,35.87,14,0,0
2024-07-22 14:15:00,2234.77,1.105,36.04,14,0,0
2024-07-22 14:30:00,2165.66,1.105,35.45,14,0,0
2024-07-22 14:45:00,2075.11,1.105,35.73,14,0,0
2024-07-22 15:00:00,2198.93,1.38125,36.49,15,0,0
2024-07-22 15:15:00,2311.36,1.38125,36.95,15,0,0
2024-07-22 15:30:00,2174.4,1.38125,35.84,15,0,0
2024-07-22 15:45:00,2191.89,1.38125,35.52,15,0,0
2024-07-22 16:00:00,2151.7,1.38125,35.8,16,0,0
2024-07-22 16:15:00,2121.92,1.38125,36.16,16,0,0
2024-07-22 16:30:00,2076.78,1.38125,34.39,16,0,0
2024-07-22 16:45:00,2049.93,1.38125,33.54,16,0,0
2024-07-22 17:00:00,2051.06,1.105,34.76,17,0,0
2024-07-22 17:15:00,2028.39,1.105,34.01,17,0,0
2024-07-22 17:30:00,1995.59,1.105,34.35,17,0,0
2024-07-22 17:45:00,2115.49,1.105,34.39,17,0,0
2024-07-22 18:00:00,1517.44,1.105,33.88,18,0,0
2024-07-22 18:15:00,1613.23,1.105,35.12,18,0,0
2024-07-22 18:30:00,1527.54,1.105,33.91,18,0,0
2024-07-22 18:45:00,1407.93,1.105,33.57,18,0,0
2024-07-22 19:00:00,1331.35,0.65,33.5,19,0,0
2024-07-22 19:15:00,1192.69,0.65,31.74,19,0,0
2024-07-22 19:30:00,1231.6,0.65,33.13,19,0,0
2024-07-22 19:45:00,1159.31,0.65,31.87,19,0,0
2024-07-22 20:00:00,1231.71,0.65,32.09,20,0,0
2024-07-22 20:15:00,1093.6,0.65,30.31,20,0,0
2024-07-22 20:30:00,1044.66,0.65,29.54,20,0,0
2024-07-22 20:45:00,978.13,0.65,31.05,20,0,0
2024-07-22 21:00:00,956.68,0.65,30.3,21,0,0
2024-07-22 21:15:00,943.1,0.65,28.89,21,0,0
2024-07-22 21:30:00,884.94,0.65,28.52,21,0,0
2024-07-22 21:45:00,875.82,0.65,29.73,21,0,0
2024-07-22 22:00:00,813.56,0.65,27.5,22,0,0
2024-07-22 22:15:00,858.04,0.65,29.39,22,0,0
2024-07-22 22:30:00,794.69,0.65,26.98,22,0,0
2024-07-22 22:45:00,801.66,0.65,27.86,22,0,0
2024-07-22 23:00:00,804.62,0.65,26.74,23,0,0
2024-07-22 23:15:00,857.41,0.65,27.15,23,0,0
2024-07-22 23:30:00,749.62,0.65,25.91,23,0,0
2024-07-22 23:45:00,816.4,0.65,25.91,23,0,0
2024-07-23 00:00:00,797.24,0.247,25.79,0,1,0
2024-07-23 00:15:00,813.6,0.247,24.69,0,1,0
2024-07-23 00:30:00,784.22,0.247,25.83,0,1,0
2024-07-23 00:45:00,798.82,0.247,24.6,0,1,0
2024-07-23 01:00:00,817.07,0.247,24.62,1,1,0
2024-07-23 01:15:00,874.71,0.247,23.82,1,1,0
2024-07-23 01:30:00,819.39,0.247,22.41,1,1,0
2024-07-23 01:45:00,779.65,0.247,24.17,1,1,0
2024-07-23 02:00:00,789.83,0.247,26.13,2,1,0
2024-07-23 02:15:00,789.12,0.247,24.74,2,1,0
2024-07-23 02:30:00,756.9,0.247,24.04,2,1,0
2024-07-23 02:45:00,792.08,0.247,23.8,2,1,0
2024-07-23 03:00:00,817.59,0.247,24.02,3,1,0
2024-07-23 03:15:00,769.42,0.247,24.45,3,1,0
2024-07-23 03:30:00,825.16,0.247,23.11,3,1,0
2024-07-23 03:45:00,811.71,0.247,25.01,3,1,0
2024-07-23 04:00:00,782.38,0.247,24.78,4,1,0
2024-07-23 04:15:00,796.6,0.247,24.89,4,1,0
2024-07-23 04:30:00,838.36,0.247,24.81,4,1,0
2024-07-23 04:45:00,817.61,0.247,24.63,4,1,0
2024-07-23 05:00:00,800.21,0.247,25.34,5,1,0
2024-07-23 05:15:00,794.3,0.247,25.48,5,1,0
2024-07-23 05:30:00,801.84,0.247,24.96,5,1,0
2024-07-23 05:45:00,787.72,0.247,25.03,5,1,0
2024-07-23 06:00:00,749.49,0.247,25.84,6,1,0
2024-07-23 06:15:00,849.01,0.247,27.28,6,1,0
2024-07-23 06:30:00,803.73,0.247,25.36,6,1,0
2024-07-23 06:45:00,809.56,0.247,25.49,6,1,0
2024-07-23 07:00:00,798.61,0.247,27.13,7,1,0
2024-07-23 07:15:00,845.97,0.247,27.39,7,1,0
2024-07-23 07:30:00,1111.48,0.247,27.84,7,1,0
2024-07-23 07:45:00,1310.11,0.247,28.27,7,1,0
2024-07-23 08:00:00,1729.7,0.65,28.27,8,1,0
2024-07-23 08:15:00,1663.82,0.65,30.02,8,1,0
2024-07-23 08:30:00,1581.76,0.65,27.94,8,1,0
2024-07-23 08:45:00,1678.1,0.65,28.94,8,1,0
2024-07-23 09:00:00,1834.21,0.65,29.92,9,1,0
2024-07-23 09:15:00,1731.42,0.65,29.08,9,1,0
2024-07-23 09:30:00,1756.63,0.65,30.64,9,1,0
2024-07-23 09:45:00,2004.21,0.65,32.5,9,1,0
2024-07-23 10:00:00,1923.3,1.105,31.57,10,1,0
2024-07-23 10:15:00,1941.1,1.105,32.11,10,1,0
2024-07-23 10:30:00,1899.67,1.105,31.29,10,1,0
2024-07-23 10:45:00,2035.66,1.105,32.16,10,1,0
2024-07-23 11:00:00,2042.89,1.38125,32.7,11,1,0
2024-07-23 11:15:00,1884.02,1.38125,33.08,11,1,0
2024-07-23 11:30:00,2090.1,1.38125,34.68,11,1,0
2024-07-23 11:45:00,1982.58,1.38125,34.4,11,1,0
2024-07-23 12:00:00,1627.15,0.65,33.35,12,1,0
2024-07-23 12:15:00,1579.15,0.65,34.71,12,1,0
2024-07-23 12:30:00,1675.1,0.65,35.16,12,1,0
2024-07-23 12:45:00,1674.96,0.65,35.9,12,1,0
2024-07-23 13:00:00,2205.09,0.65,36.46,13,1,0
2024-07-23 13:15:00,2122.61,0.65,34.57,13,1,0
2024-07-23 13:30:00,1953.88,0.65,34.89,13,1,0
2024-07-23 13:45:00,2078.5,0.65,34.68,13,1,0
2024-07-23 14:00:00,2212.03,1.105,35.61,14,1,0
2024-07-23 14:15:00,2171.48,1.105,36.26,14,1,0
2024-07-23 14:30:00,2265.54,1.105,36.74,14,1,0
2024-07-23 14:45:00,2199.14,1.105,35.93,14,1,0
2024-07-23 15:00:00,2191.78,1.38125,35.74,15,1,0
2024-07-23 15:15:00,2174.56,1.38125,36.11,15,1,0
2024-07-23 15:30:00,2067.88,1.38125,35.28,15,1,0
2024-07-23 15:45:00,2197.94,1.38125,37.56,15,1,0
2024-07-23 16:00:00,2144.31,1.38125,34.51,16,1,0
2024-07-23 16:15:00,2172.0,1.38125,35.83,16,1,0
2024-07-23 16:30:00,2231.63,1.38125,37.16,16,1,0
2024-07-23 16:45:00,2107.57,1.38125,35.39,16,1,0
2024-07-23 17:00:00,2089.08,1.105,35.04,17,1,0
2024-07-23 17:15:00,2146.77,1.105,34.7,17,1,0
2024-07-23 17:30:00,2047.25,1.105,34.62,17,1,0
2024-07-23 17:45:00,2029.07,1.105,35.61,17,1,0
2024-07-23 18:00:00,1504.71,1.105,32.47,18,1,0
2024-07-23 18:15:00,1539.0,1.105,35.18,18,1,0
2024-07-23 18:30:00,1405.81,1.105,32.51,18,1,0
2024-07-23 18:45:00,1460.85,1.105,33.12,18,1,0
2024-07-23 19:00:00,1340.04,0.65,32.66,19,1,0
2024-07-23 19:15:00,1335.02,0.65,33.12,19,1,0
2024-07-23 19:30:00,1169.48,0.65,31.02,19,1,0
2024-07-23 19:45:00,1216.19,0.65,32.3,19,1,0
2024-07-23 20:00:00,1242.06,0.65,33.17,20,1,0
2024-07-23 20:15:00,1031.6,0.65,30.08,20,1,0
2024-07-23 20:30:00,1083.93,0.65,30.93,20,1,0
2024-07-23 20:45:00,1014.09,0.65,29.86,20,1,0
2024-07-23 21:00:00,994.77,0.65,30.34,21,1,0
2024-07-23 21:15:00,969.43,0.65,29.62,21,1,0
2024-07-23 21:30:00,891.4,0.65,28.7,21,1,0
2024-07-23 21:45:00,904.21,0.65,29.22,21,1,0
2024-07-23 22:00:00,826.73,0.65,29.89,22,1,0
2024-07-23 22:15:00,803.26,0.65,27.92,22,1,0
2024-07-23 22:30:00,802.03,0.65,28.28,22,1,0
2024-07-23 22:45:00,774.34,0.65,26.31,22,1,0
2024-07-23 23:00:00,822.95,0.65,26.23,23,1,0
2024-07-23 23:15:00,855.79,0.65,27.04,23,1,0
2024-07-23 23:30:00,799.59,0.65,27.53,23,1,0
2024-07-23 23:45:00,812.12,0.65,26.33,23,1,0
2024-07-24 00:00:00,802.03,0.247,25.51,0,2,0
2024-07-24 00:15:00,782.87,0.247,25.49,0,2,0
2024-07-24 00:30:00,756.3,0.247,24.24,0,2,0
2024-07-24 00:45:00,783.06,0.247,25.49,0,2,0
2024-07-24 01:00:00,766.59,0.247,25.51,1,2,0
2024-07-24 01:15:00,840.9,0.247,24.26,1,2,0
2024-07-24 01:30:00,797.24,0.247,24.08,1,2,0
2024-07-24 01:45:00,791.7,0.247,24.53,1,2,0
2024-07-24 02:00:00,821.34,0.247,23.86,2,2,0
2024-07-24 02:15:00,773.08,0.247,24.06,2,2,0
2024-07-24 02:30:00,781.6,0.247,25.73,2,2,0
2024-07-24 02:45:00,801.63,0.247,23.82,2,2,0
2024-07-24 03:00:00,824.69,0.247,23.71,3,2,0
2024-07-24 03:15:00,812.04,0.247,23.49,3,2,0
2024-07-24 03:30:00,805.96,0.247,24.65,3,2,0
2024-07-24 03:45:00,801.87,0.247,23.97,3,2,0
2024-07-24 04:00:00,809.61,0.247,23.68,4,2,0
2024-07-24 04:15:00,804.84,0.247,25.38,4,2,0
2024-07-24 04:30:00,775.28,0.247,25.59,4,2,0
2024-07-24 04:45:00,801.11,0.247,24.14,4,2,0
2024-07-24 05:00:00,774.23,0.247,23.31,5,2,0
2024-07-24 05:15:00,801.95,0.247,25.82,5,2,0
2024-07-24 05:30:00,788.46,0.247,24.69,5,2,0
2024-07-24 05:45:00,860.95,0.247,26.12,5,2,0
2024-07-24 06:00:00,799.04,0.247,24.18,6,2,0
2024-07-24 06:15:00,766.3,0.247,26.76,6,2,0
2024-07-24 06:30:00,796.78,0.247,25.38,6,2,0
2024-07-24 06:45:00,812.46,0.247,27.25,6,2,0
2024-07-24 07:00:00,840.16,0.247,27.01,7,2,0
2024-07-24 07:15:00,826.95,0.247,26.58,7,2,0
2024-07-24 07:30:00,1048.4,0.247,27.38,7,2,0
2024-07-24 07:45:00,1426.05,0.247,28.62,7,2,0
2024-07-24 08:00:00,1565.29,0.65,28.53,8,2,0
2024-07-24 08:15:00,1667.31,0.65,29.3,8,2,0
2024-07-24 08:30:00,1771.62,0.65,30.8,8,2,0
2024-07-24 08:45:00,1665.32,0.65,28.36,8,2,0
2024-07-24 09:00:00,1878.84,0.65,31.29,9,2,0
2024-07-24 09:15:00,1770.05,0.65,30.48,9,2,0
2024-07-24 09:30:00,1777.79,0.65,30.06,9,2,0
2024-07-24 09:45:00,1798.94,0.65,30.11,9,2,0
2024-07-24 10:00:00,1881.17,1.105,31.4,10,2,0
2024-07-24 10:15:00,1946.38,1.105,32.67,10,2,0
2024-07-24 10:30:00,1934.48,1.105,32.19,10,2,0
2024-07-24 10:45:00,2042.75,1.105,33.86,10,2,0
2024-07-24 11:00:00,1892.45,1.38125,31.84,11,2,0
2024-07-24 11:15:00,1963.2,1.38125,33.32,11,2,0
2024-07-24 11:30:00,1795.09,1.38125,32.65,11,2,0
2024-07-24 11:45:00,1954.76,1.38125,34.25,11,2,0
2024-07-24 12:00:00,1698.58,0.65,34.95,12,2,0
2024-07-24 12:15:00,1675.64,0.65,34.17,12,2,0
2024-07-24 12:30:00,1540.28,0.65,32.68,12,2,0
2024-07-24 12:45:00,1649.95,0.65,35.15,12,2,0
2024-07-24 13:00:00,2065.01,0.65,35.55,13,2,0
2024-07-24 13:15:00,2153.51,0.65,35.7,13,2,0
2024-07-24 13:30:00,2242.05,0.65,36.53,13,2,0
2024-07-24 13:45:00,2062.68,0.65,34.82,13,2,0
2024-07-24 14:00:00,2240.41,1.105,36.34,14,2,0
2024-07-24 14:15:00,2224.59,1.105,36.84,14,2,0
2024-07-24 14:30:00,2084.45,1.105,34.53,14,2,0
2024-07-24 14:45:00,2180.19,1.105,36.24,14,2,0
2024-07-24 15:00:00,2209.6,1.38125,35.6,15,2,0
2024-07-24 15:15:00,2203.14,1.38125,35.92,15,2,0
2024-07-24 15:30:00,2350.06,1.38125,36.23,15,2,0
2024-07-24 15:45:00,2102.46,1.38125,35.49,15,2,0
2024-07-24 16:00:00,2175.13,1.38125,35.25,16,2,0
2024-07-24 16:15:00,2129.57,1.38125,35.71,16,2,0
2024-07-24 16:30:00,2045.8,1.38125,34.67,16,2,0
2024-07-24 16:45:00,2084.88,1.38125,34.51,16,2,0
2024-07-24 17:00:00,2156.21,1.105,35.74,17,2,0
2024-07-24 17:15:00,2225.17,1.105,34.07,17,2,0
2024-07-24 17:30:00,2094.08,1.105,35.29,17,2,0
2024-07-24 17:45:00,2003.49,1.105,34.88,17,2,0
2024-07-24 18:00:00,1500.39,1.105,32.86,18,2,0
2024-07-24 18:15:00,1384.1,1.105,33.41,18,2,0
2024-07-24 18:30:00,1484.23,1.105,34.61,18,2,0
2024-07-24 18:45:00,1371.98,1.105,32.55,18,2,0
2024-07-24 19:00:00,1371.73,0.65,32.63,19,2,0
2024-07-24 19:15:00,1358.34,0.65,33.02,19,2,0
2024-07-24 19:30:00,1261.77,0.65,32.92,19,2,0
2024-07-24 19:45:00,1198.77,0.65,31.73,19,2,0
2024-07-24 20:00:00,1121.79,0.65,31.07,20,2,0
2024-07-24 20:15:00,1116.82,0.65,32.31,20,2,0
2024-07-24 20:30:00,1127.68,0.65,32.17,20,2,0
2024-07-24 20:45:00,1011.76,0.65,31.18,20,2,0
2024-07-24 21:00:00,973.05,0.65,30.07,21,2,0
2024-07-24 21:15:00,893.35,0.65,28.96,21,2,0
2024-07-24 21:30:00,892.76,0.65,28.55,21,2,0
2024-07-24 21:45:00,913.4,0.65,29.25,21,2,0
2024-07-24 22:00:00,790.89,0.65,28.78,22,2,0
2024-07-24 22:15:00,767.77,0.65,29.19,22,2,0
2024-07-24 22:30:00,797.0,0.65,28.22,22,2,0
2024-07-24 22:45:00,800.38,0.65,26.14,22,2,0
2024-07-24 23:00:00,805.25,0.65,27.84,23,2,0
2024-07-24 23:15:00,789.29,0.65,25.87,23,2,0
2024-07-24 23:30:00,795.18,0.65,26.04,23,2,0
2024-07-24 23:45:00,808.82,0.65,26.24,23,2,0
2024-07-25 00:00:00,824.97,0.247,27.35,0,3,0
2024-07-25 00:15:00,753.08,0.247,27.98,0,3,0
2024-07-25 00:30:00,791.15,0.247,25.73,0,3,0
2024-07-25 00:45:00,805.13,0.247,24.86,0,3,0
2024-07-25 01:00:00,777.97,0.247,25.23,1,3,0
2024-07-25 01:15:00,841.55,0.247,25.33,1,3,0
2024-07-25 01:30:00,784.75,0.247,24.2,1,3,0
2024-07-25 01:45:00,799.01,0.247,25.75,1,3,0
2024-07-25 02:00:00,813.34,0.247,24.39,2,3,0
2024-07-25 02:15:00,785.81,0.247,24.51,2,3,0
2024-07-25 02:30:00,755.68,0.247,24.58,2,3,0
2024-07-25 02:45:00,789.71,0.247,24.35,2,3,0
2024-07-25 03:00:00,824.71,0.247,24.67,3,3,0
2024-07-25 03:15:00,791.91,0.247,23.52,3,3,0
2024-07-25 03:30:00,779.69,0.247,23.6,3,3,0
2024-07-25 03:45:00,822.22,0.247,23.24,3,3,0
2024-07-25 04:00:00,792.06,0.247,24.56,4,3,0
2024-07-25 04:15:00,787.76,0.247,24.94,4,3,0
2024-07-25 04:30:00,803.59,0.247,24.82,4,3,0
2024-07-25 04:45:00,818.5,0.247,25.96,4,3,0
2024-07-25 05:00:00,857.16,0.247,24.8,5,3,0
2024-07-25 05:15:00,819.85,0.247,25.55,5,3,0
2024-07-25 05:30:00,827.84,0.247,24.37,5,3,0
2024-07-25 05:45:00,787.86,0.247,25.18,5,3,0
2024-07-25 06:00:00,775.38,0.247,26.31,6,3,0
2024-07-25 06:15:00,801.5,0.247,26.72,6,3,0
2024-07-25 06:30:00,802.57,0.247,26.11,6,3,0
2024-07-25 06:45:00,774.12,0.247,26.61,6,3,0
2024-07-25 07:00:00,795.79,0.247,25.79,7,3,0
2024-07-25 07:15:00,865.88,0.247,27.06,7,3,0
2024-07-25 07:30:00,1151.11,0.247,28.42,7,3,0
2024-07-25 07:45:00,1408.97,0.247,28.53,7,3,0
2024-07-25 08:00:00,1663.9,0.65,28.85,8,3,0
2024-07-25 08:15:00,1641.39,0.65,28.87,8,3,0
2024-07-25 08:30:00,1674.89,0.65,29.22,8,3,0
2024-07-25 08:45:00,1646.4,0.65,29.08,8,3,0
2024-07-25 09:00:00,1897.27,0.65,30.56,9,3,0
2024-07-25 09:15:00,1821.7,0.65,30.73,9,3,0
2024-07-25 09:30:00,1841.12,0.65,31.18,9,3,0
2024-07-25 09:45:00,1784.01,0.65,30.75,9,3,0
2024-07-25 10:00:00,1943.45,1.105,29.83,10,3,0
2024-07-25 10:15:00,1885.68,1.105,32.81,10,3,0
2024-07-25 10:30:00,1869.7,1.105,31.91,10,3,0
2024-07-25 10:45:00,1912.02,1.105,31.96,10,3,0
2024-07-25 11:00:00,1999.04,1.38125,33.55,11,3,0
2024-07-25 11:15:00,1975.64,1.38125,33.02,11,3,0
2024-07-25 11:30:00,2091.08,1.38125,34.5,11,3,0
2024-07-25 11:45:00,1992.37,1.38125,34.45,11,3,0
2024-07-25 12:00:00,1614.41,0.65,34.79,12,3,0
2024-07-25 12:15:00,1593.66,0.65,33.42,12,3,0
2024-07-25 12:30:00,1724.97,0.65,35.73,12,3,0
2024-07-25 12:45:00,1790.03,0.65,35.2,12,3,0
2024-07-25 13:00:00,1979.03,0.65,34.9,13,3,0
2024-07-25 13:15:00,2183.89,0.65,35.5,13,3,0
2024-07-25 13:30:00,2051.61,0.65,34.12,13,3,0
2024-07-25 13:45:00,2208.45,0.65,36.01,13,3,0
2024-07-25 14:00:00,2097.9,1.105,34.97,14,3,0
2024-07-25 14:15:00,2048.74,1.105,34.8,14,3,0
2024-07-25 14:30:00,2151.21,1.105,34.73,14,3,0
2024-07-25 14:45:00,2273.75,1.105,36.88,14,3,0
2024-07-25 15:00:00,2218.38,1.38125,35.5,15,3,0
2024-07-25 15:15:00,2254.17,1.38125,37.21,15,3,0
2024-07-25 15:30:00,2120.92,1.38125,35.52,15,3,0
2024-07-25 15:45:00,2003.99,1.38125,34.52,15,3,0
2024-07-25 16:00:00,2174.03,1.38125,34.9,16,3,0
2024-07-25 16:15:00,2246.47,1.38125,36.67,16,3,0
2024-07-25 16:30:00,2080.53,1.38125,35.42,16,3,0
2024-07-25 16:45:00,2075.65,1.38125,34.94,16,3,0
2024-07-25 17:00:00,2094.33,1.105,35.32,17,3,0
2024-07-25 17:15:00,2025.47,1.105,35.39,17,3,0
2024-07-25 17:30:00,2073.64,1.105,35.65,17,3,0
2024-07-25 17:45:00,2045.45,1.105,35.67,17,3,0
2024-07-25 18:00:00,1515.12,1.105,33.95,18,3,0
2024-07-25 18:15:00,1422.45,1.105,32.9,18,3,0
2024-07-25 18:30:00,1366.72,1.105,33.32,18,3,0
2024-07-25 18:45:00,1495.66,1.105,33.54,18,3,0
2024-07-25 19:00:00,1374.36,0.65,32.23,19,3,0
2024-07-25 19:15:00,1247.83,0.65,31.89,19,3,0
2024-07-25 19:30:00,1278.79,0.65,32.57,19,3,0
2024-07-25 19:45:00,1225.06,0.65,31.89,19,3,0
2024-07-25 20:00:00,1207.03,0.65,31.58,20,3,0
2024-07-25 20:15:00,1071.15,0.65,30.56,20,3,0
2024-07-25 20:30:00,1101.58,0.65,30.6,20,3,0
2024-07-25 20:45:00,987.99,0.65,29.65,20,3,0
2024-07-25 21:00:00,964.48,0.65,30.71,21,3,0
2024-07-25 21:15:00,984.85,0.65,30.44,21,3,0
2024-07-25 21:30:00,888.47,0.65,27.74,21,3,0
2024-07-25 21:45:00,899.75,0.65,28.09,21,3,0
2024-07-25 22:00:00,771.21,0.65,27.25,22,3,0
2024-07-25 22:15:00,816.77,0.65,27.55,22,3,0
2024-07-25 22:30:00,790.16,0.65,27.64,22,3,0
2024-07-25 22:45:00,818.8,0.65,26.19,22,3,0
2024-07-25 23:00:00,764.71,0.65,26.26,23,3,0
2024-07-25 23:15:00,769.69,0.65,25.86,23,3,0
2024-07-25 23:30:00,781.38,0.65,26.51,23,3,0
2024-07-25 23:45:00,801.9,0.65,26.1,23,3,0
2024-07-26 00:00:00,784.61,0.247,25.18,0,4,0
2024-07-26 00:15:00,815.82,0.247,25.63,0,4,0
2024-07-26 00:30:00,824.65,0.247,24.8,0,4,0
2024-07-26 00:45:00,814.39,0.247,24.79,0,4,0
2024-07-26 01:00:00,838.85,0.247,26.14,1,4,0
2024-07-26 01:15:00,809.98,0.247,25.69,1,4,0
2024-07-26 01:30:00,770.79,0.247,23.42,1,4,0
2024-07-26 01:45:00,832.72,0.247,24.98,1,4,0
2024-07-26 02:00:00,785.48,0.247,24.85,2,4,0
2024-07-26 02:15:00,821.85,0.247,23.2,2,4,0
2024-07-26 02:30:00,837.77,0.247,24.71,2,4,0
2024-07-26 02:45:00,810.96,0.247,25.24,2,4,0
2024-07-26 03:00:00,764.09,0.247,23.1,3,4,0
2024-07-26 03:15:00,777.96,0.247,23.28,3,4,0
2024-07-26 03:30:00,831.75,0.247,24.87,3,4,0
2024-07-26 03:45:00,795.94,0.247,24.33,3,4,0
2024-07-26 04:00:00,801.91,0.247,24.65,4,4,0
2024-07-26 04:15:00,818.21,0.247,24.59,4,4,0
2024-07-26 04:30:00,816.71,0.247,24.77,4,4,0
2024-07-26 04:45:00,806.69,0.247,23.56,4,4,0
2024-07-26 05:00:00,794.99,0.247,25.64,5,4,0
2024-07-26 05:15:00,792.5,0.247,25.95,5,4,0
2024-07-26 05:30:00,820.59,0.247,25.06,5,4,0
2024-07-26 05:45:00,813.29,0.247,25.45,5,4,0
2024-07-26 06:00:00,793.82,0.247,24.53,6,4,0
2024-07-26 06:15:00,825.97,0.247,26.46,6,4,0
2024-07-26 06:30:00,796.9,0.247,26.81,6,4,0
2024-07-26 06:45:00,779.56,0.247,26.62,6,4,0
2024-07-26 07:00:00,781.78,0.247,27.9,7,4,0
2024-07-26 07:15:00,831.02,0.247,27.08,7,4,0
2024-07-26 07:30:00,1119.99,0.247,28.16,7,4,0
2024-07-26 07:45:00,1380.3,0.247,27.26,7,4,0
2024-07-26 08:00:00,1588.17,0.65,28.43,8,4,0
2024-07-26 08:15:00,1666.6,0.65,28.69,8,4,0
2024-07-26 08:30:00,1676.76,0.65,29.4,8,4,0
2024-07-26 08:45:00,1706.94,0.65,29.31,8,4,0
2024-07-26 09:00:00,1684.8,0.65,29.89,9,4,0
2024-07-26 09:15:00,1826.52,0.65,31.05,9,4,0
2024-07-26 09:30:00,1802.28,0.65,30.43,9,4,0
2024-07-26 09:45:00,1816.51,0.65,29.89,9,4,0
2024-07-26 10:00:00,1971.38,1.105,32.95,10,4,0
2024-07-26 10:15:00,1890.44,1.105,33.03,10,4,0
2024-07-26 10:30:00,1918.77,1.105,31.26,10,4,0
2024-07-26 10:45:00,1968.72,1.105,33.21,10,4,0
2024-07-26 11:00:00,1923.03,1.38125,32.6,11,4,0
2024-07-26 11:15:00,1948.2,1.38125,33.54,11,4,0
2024-07-26 11:30:00,1920.44,1.38125,33.89,11,4,0
2024-07-26 11:45:00,1939.05,1.38125,33.77,11,4,0
2024-07-26 12:00:00,1637.89,0.65,33.62,12,4,0
2024-07-26 12:15:00,1544.72,0.65,33.96,12,4,0
2024-07-26 12:30:00,1606.81,0.65,34.03,12,4,0
2024-07-26 12:45:00,1633.84,0.65,34.32,12,4,0
2024-07-26 13:00:00,2094.95,0.65,35.14,13,4,0
2024-07-26 13:15:00,2143.88,0.65,34.81,13,4,0
2024-07-26 13:30:00,2100.19,0.65,36.09,13,4,0
2024-07-26 13:45:00,2169.59,0.65,36.87,13,4,0
2024-07-26 14:00:00,2091.82,1.105,35.33,14,4,0
2024-07-26 14:15:00,2121.23,1.105,36.08,14,4,0
2024-07-26 14:30:00,2172.19,1.105,36.35,14,4,0
2024-07-26 14:45:00,2251.89,1.105,36.36,14,4,0
2024-07-26 15:00:00,2118.31,1.38125,36.06,15,4,0
2024-07-26 15:15:00,2247.68,1.38125,36.58,15,4,0
2024-07-26 15:30:00,2093.33,1.38125,36.33,15,4,0
2024-07-26 15:45:00,2087.83,1.38125,34.89,15,4,0
2024-07-26 16:00:00,2189.96,1.38125,36.49,16,4,0
2024-07-26 16:15:00,2313.17,1.38125,36.39,16,4,0
2024-07-26 16:30:00,2097.76,1.38125,34.93,16,4,0
2024-07-26 16:45:00,1995.05,1.38125,35.41,16,4,0
2024-07-26 17:00:00,2018.76,1.105,35.74,17,4,0
2024-07-26 17:15:00,2090.15,1.105,34.82,17,4,0
2024-07-26 17:30:00,2162.91,1.105,35.62,17,4,0
2024-07-26 17:45:00,2182.33,1.105,36.4,17,4,0
2024-07-26 18:00:00,1527.42,1.105,33.61,18,4,0
2024-07-26 18:15:00,1503.54,1.105,32.85,18,4,0
2024-07-26 18:30:00,1436.19,1.105,33.9,18,4,0
2024-07-26 18:45:00,1462.76,1.105,33.91,18,4,0
2024-07-26 19:00:00,1280.96,0.65,32.82,19,4,0
2024-07-26 19:15:00,1312.56,0.65,33.82,19,4,0
2024-07-26 19:30:00,1153.72,0.65,31.23,19,4,0
2024-07-26 19:45:00,1220.59,0.65,32.48,19,4,0
2024-07-26 20:00:00,1146.36,0.65,31.07,20,4,0
2024-07-26 20:15:00,1167.8,0.65,32.55,20,4,0
2024-07-26 20:30:00,1125.9,0.65,32.38,20,4,0
2024-07-26 20:45:00,980.37,0.65,29.78,20,4,0
2024-07-26 21:00:00,964.44,0.65,29.56,21,4,0
2024-07-26 21:15:00,916.69,0.65,30.3,21,4,0
2024-07-26 21:30:00,924.61,0.65,28.91,21,4,0
2024-07-26 21:45:00,846.41,0.65,28.79,21,4,0
2024-07-26 22:00:00,802.82,0.65,28.47,22,4,0
2024-07-26 22:15:00,838.13,0.65,26.54,22,4,0
2024-07-26 22:30:00,770.19,0.65,27.69,22,4,0
2024-07-26 22:45:00,772.99,0.65,26.79,22,4,0
2024-07-26 23:00:00,773.69,0.65,26.61,23,4,0
2024-07-26 23:15:00,798.37,0.65,27.82,23,4,0
2024-07-26 23:30:00,810.36,0.65,25.34,23,4,0
2024-07-26 23:45:00,817.75,0.65,26.69,23,4,0
2024-07-27 00:00:00,861.73,0.247,25.53,0,5,1
2024-07-27 00:15:00,746.01,0.247,25.27,0,5,1
2024-07-27 00:30:00,814.61,0.247,25.87,0,5,1
2024-07-27 00:45:00,786.63,0.247,25.28,0,5,1
2024-07-27 01:00:00,785.93,0.247,25.26,1,5,1
2024-07-27 01:15:00,785.13,0.247,25.39,1,5,1
2024-07-27 01:30:00,778.19,0.247,24.19,1,5,1
2024-07-27 01:45:00,840.43,0.247,23.83,1,5,1
2024-07-27 02:00:00,820.22,0.247,23.34,2,5,1
2024-07-27 02:15:00,800.56,0.247,23.45,2,5,1
2024-07-27 02:30:00,832.42,0.247,26.41,2,5,1
2024-07-27 02:45:00,763.7,0.247,25.01,2,5,1
2024-07-27 03:00:00,768.06,0.247,22.92,3,5,1
2024-07-27 03:15:00,747.73,0.247,22.95,3,5,1
2024-07-27 03:30:00,783.21,0.247,24.44,3,5,1
2024-07-27 03:45:00,803.88,0.247,24.55,3,5,1
2024-07-27 04:00:00,802.47,0.247,24.64,4,5,1
2024-07-27 04:15:00,803.58,0.247,24.11,4,5,1
2024-07-27 04:30:00,766.13,0.247,24.36,4,5,1
2024-07-27 04:45:00,819.28,0.247,24.88,4,5,1
2024-07-27 05:00:00,805.75,0.247,24.87,5,5,1
2024-07-27 05:15:00,817.59,0.247,23.24,5,5,1
2024-07-27 05:30:00,754.57,0.247,25.06,5,5,1
2024-07-27 05:45:00,807.48,0.247,24.81,5,5,1
2024-07-27 06:00:00,771.49,0.247,25.9,6,5,1
2024-07-27 06:15:00,790.46,0.247,28.43,6,5,1
2024-07-27 06:30:00,812.82,0.247,26.64,6,5,1
2024-07-27 06:45:00,802.19,0.247,26.42,6,5,1
2024-07-27 07:00:00,779.56,0.247,27.74,7,5,1
2024-07-27 07:15:00,800.15,0.247,27.73,7,5,1
2024-07-27 07:30:00,763.24,0.247,28.04,7,5,1
2024-07-27 07:45:00,1005.92,0.247,28.56,7,5,1
2024-07-27 08:00:00,1193.0,0.65,30.09,8,5,1
2024-07-27 08:15:00,1169.64,0.65,27.92,8,5,1
2024-07-27 08:30:00,1185.73,0.65,29.6,8,5,1
2024-07-27 08:45:00,1168.79,0.65,28.87,8,5,1
2024-07-27 09:00:00,1227.43,0.65,30.44,9,5,1
2024-07-27 09:15:00,1266.08,0.65,29.66,9,5,1
2024-07-27 09:30:00,1242.55,0.65,30.45,9,5,1
2024-07-27 09:45:00,1316.71,0.65,30.93,9,5,1
2024-07-27 10:00:00,1331.44,1.105,32.33,10,5,1
2024-07-27 10:15:00,1277.86,1.105,32.66,10,5,1
2024-07-27 10:30:00,1279.98,1.105,31.3,10,5,1
2024-07-27 10:45:00,1302.27,1.105,32.7,10,5,1
2024-07-27 11:00:00,1333.22,1.38125,32.43,11,5,1
2024-07-27 11:15:00,1271.06,1.38125,32.33,11,5,1
2024-07-27 11:30:00,1387.71,1.38125,33.48,11,5,1
2024-07-27 11:45:00,1342.64,1.38125,33.71,11,5,1
2024-07-27 12:00:00,1204.17,0.65,36.18,12,5,1
2024-07-27 12:15:00,1192.19,0.65,34.86,12,5,1
2024-07-27 12:30:00,1164.44,0.65,33.66,12,5,1
2024-07-27 12:45:00,1158.48,0.65,34.54,12,5,1
2024-07-27 13:00:00,1454.44,0.65,36.01,13,5,1
2024-07-27 13:15:00,1454.07,0.65,37.05,13,5,1
2024-07-27 13:30:00,1404.82,0.65,34.27,13,5,1
2024-07-27 13:45:00,1409.85,0.65,34.18,13,5,1
2024-07-27 14:00:00,1569.1,1.105,37.29,14,5,1
2024-07-27 14:15:00,1510.37,1.105,36.2,14,5,1
2024-07-27 14:30:00,1524.15,1.105,35.25,14,5,1
2024-07-27 14:45:00,1514.31,1.105,36.41,14,5,1
2024-07-27 15:00:00,1442.77,1.38125,33.89,15,5,1
2024-07-27 15:15:00,1584.32,1.38125,35.99,15,5,1
2024-07-27 15:30:00,1555.06,1.38125,36.21,15,5,1
2024-07-27 15:45:00,1552.34,1.38125,36.62,15,5,1
2024-07-27 16:00:00,1461.68,1.38125,34.98,16,5,1
2024-07-27 16:15:00,1487.57,1.38125,35.75,16,5,1
2024-07-27 16:30:00,1437.87,1.38125,34.8,16,5,1
2024-07-27 16:45:00,1477.75,1.38125,35.59,16,5,1
2024-07-27 17:00:00,1486.68,1.105,34.48,17,5,1
2024-07-27 17:15:00,1445.71,1.105,34.66,17,5,1
2024-07-27 17:30:00,1364.65,1.105,33.96,17,5,1
2024-07-27 17:45:00,1534.82,1.105,35.03,17,5,1
2024-07-27 18:00:00,1113.11,1.105,34.93,18,5,1
2024-07-27 18:15:00,999.31,1.105,33.77,18,5,1
2024-07-27 18:30:00,1002.46,1.105,33.68,18,5,1
2024-07-27 18:45:00,952.86,1.105,32.17,18,5,1
2024-07-27 19:00:00,989.51,0.65,32.76,19,5,1
2024-07-27 19:15:00,882.86,0.65,32.61,19,5,1
2024-07-27 19:30:00,961.27,0.65,34.39,19,5,1
2024-07-27 19:45:00,860.71,0.65,31.04,19,5,1
2024-07-27 20:00:00,827.22,0.65,32.72,20,5,1
2024-07-27 20:15:00,794.59,0.65,31.97,20,5,1
2024-07-27 20:30:00,775.13,0.65,31.01,20,5,1
2024-07-27 20:45:00,795.12,0.65,31.8,20,5,1
2024-07-27 21:00:00,799.12,0.65,30.3,21,5,1
2024-07-27 21:15:00,815.83,0.65,29.92,21,5,1
2024-07-27 21:30:00,826.16,0.65,29.17,21,5,1
2024-07-27 21:45:00,782.05,0.65,29.81,21,5,1
2024-07-27 22:00:00,752.78,0.65,29.32,22,5,1
2024-07-27 22:15:00,799.49,0.65,27.57,22,5,1
2024-07-27 22:30:00,807.04,0.65,26.65,22,5,1
2024-07-27 22:45:00,805.99,0.65,27.18,22,5,1
2024-07-27 23:00:00,792.16,0.65,26.36,23,5,1
2024-07-27 23:15:00,802.99,0.65,26.62,23,5,1
2024-07-27 23:30:00,836.37,0.65,27.34,23,5,1
2024-07-27 23:45:00,809.16,0.65,25.68,23,5,1
2024-07-28 00:00:00,791.04,0.247,25.72,0,6,1
2024-07-28 00:15:00,788.0,0.247,25.54,0,6,1
2024-07-28 00:30:00,795.92,0.247,25.92,0,6,1
2024-07-28 00:45:00,839.28,0.247,23.21,0,6,1
2024-07-28 01:00:00,795.6,0.247,24.32,1,6,1
2024-07-28 01:15:00,799.52,0.247,24.79,1,6,1
2024-07-28 01:30:00,788.42,0.247,25.42,1,6,1
2024-07-28 01:45:00,826.38,0.247,23.92,1,6,1
2024-07-28 02:00:00,847.04,0.247,22.7,2,6,1
2024-07-28 02:15:00,810.81,0.247,24.61,2,6,1
2024-07-28 02:30:00,801.99,0.247,23.54,2,6,1
2024-07-28 02:45:00,800.88,0.247,23.06,2,6,1
2024-07-28 03:00:00,742.78,0.247,23.5,3,6,1
2024-07-28 03:15:00,817.88,0.247,23.87,3,6,1
2024-07-28 03:30:00,803.22,0.247,23.57,3,6,1
2024-07-28 03:45:00,810.28,0.247,22.35,3,6,1
2024-07-28 04:00:00,782.92,0.247,24.92,4,6,1
2024-07-28 04:15:00,790.77,0.247,25.34,4,6,1
2024-07-28 04:30:00,790.14,0.247,24.98,4,6,1
2024-07-28 04:45:00,824.52,0.247,23.71,4,6,1
2024-07-28 05:00:00,790.91,0.247,24.64,5,6,1
2024-07-28 05:15:00,849.98,0.247,25.01,5,6,1
2024-07-28 05:30:00,810.34,0.247,25.72,5,6,1
2024-07-28 05:45:00,769.38,0.247,26.02,5,6,1
2024-07-28 06:00:00,796.91,0.247,25.17,6,6,1
2024-07-28 06:15:00,784.36,0.247,26.11,6,6,1
2024-07-28 06:30:00,747.33,0.247,26.71,6,6,1
2024-07-28 06:45:00,838.39,0.247,27.83,6,6,1
2024-07-28 07:00:00,816.88,0.247,27.56,7,6,1
2024-07-28 07:15:00,812.8,0.247,27.98,7,6,1
2024-07-28 07:30:00,803.97,0.247,27.77,7,6,1
2024-07-28 07:45:00,951.3,0.247,29.2,7,6,1
2024-07-28 08:00:00,1135.26,0.65,28.77,8,6,1
2024-07-28 08:15:00,1168.46,0.65,28.14,8,6,1
2024-07-28 08:30:00,1193.75,0.65,30.34,8,6,1
2024-07-28 08:45:00,1142.6,0.65,30.17,8,6,1
2024-07-28 09:00:00,1217.48,0.65,29.65,9,6,1
2024-07-28 09:15:00,1241.8,0.65,30.01,9,6,1
2024-07-28 09:30:00,1296.78,0.65,31.02,9,6,1
2024-07-28 09:45:00,1343.85,0.65,31.54,9,6,1
2024-07-28 10:00:00,1348.17,1.105,31.71,10,6,1
2024-07-28 10:15:00,1350.05,1.105,32.18,10,6,1
2024-07-28 10:30:00,1442.82,1.105,33.66,10,6,1
2024-07-28 10:45:00,1318.22,1.105,33.51,10,6,1
2024-07-28 11:00:00,1379.85,1.38125,33.15,11,6,1
2024-07-28 11:15:00,1410.63,1.38125,34.09,11,6,1
2024-07-28 11:30:00,1276.47,1.38125,32.83,11,6,1
2024-07-28 11:45:00,1305.65,1.38125,34.27,11,6,1
2024-07-28 12:00:00,1168.45,0.65,35.69,12,6,1
2024-07-28 12:15:00,1130.03,0.65,34.34,12,6,1
2024-07-28 12:30:00,1170.84,0.65,34.08,12,6,1
2024-07-28 12:45:00,1135.66,0.65,34.47,12,6,1
2024-07-28 13:00:00,1387.14,0.65,34.32,13,6,1
2024-07-28 13:15:00,1420.16,0.65,34.75,13,6,1
2024-07-28 13:30:00,1521.6,0.65,35.25,13,6,1
2024-07-28 13:45:00,1451.85,0.65,34.56,13,6,1
2024-07-28 14:00:00,1497.74,1.105,35.81,14,6,1
2024-07-28 14:15:00,1537.23,1.105,36.61,14,6,1
2024-07-28 14:30:00,1549.92,1.105,35.22,14,6,1
2024-07-28 14:45:00,1538.48,1.105,37.2,14,6,1
2024-07-28 15:00:00,1605.99,1.38125,36.41,15,6,1
2024-07-28 15:15:00,1572.45,1.38125,36.81,15,6,1
2024-07-28 15:30:00,1500.72,1.38125,35.42,15,6,1
2024-07-28 15:45:00,1669.44,1.38125,36.57,15,6,1
2024-07-28 16:00:00,1439.03,1.38125,34.92,16,6,1
2024-07-28 16:15:00,1525.49,1.38125,36.39,16,6,1
2024-07-28 16:30:00,1454.34,1.38125,35.68,16,6,1
2024-07-28 16:45:00,1554.7,1.38125,35.82,16,6,1
2024-07-28 17:00:00,1518.15,1.105,34.26,17,6,1
2024-07-28 17:15:00,1512.32,1.105,34.27,17,6,1
2024-07-28 17:30:00,1525.89,1.105,35.24,17,6,1
2024-07-28 17:45:00,1399.56,1.105,33.75,17,6,1
2024-07-28 18:00:00,1081.25,1.105,34.61,18,6,1
2024-07-28 18:15:00,966.33,1.105,32.86,18,6,1
2024-07-28 18:30:00,1097.24,1.105,34.33,18,6,1
2024-07-28 18:45:00,967.86,1.105,32.35,18,6,1
2024-07-28 19:00:00,945.37,0.65,33.44,19,6,1
2024-07-28 19:15:00,964.19,0.65,33.15,19,6,1
2024-07-28 19:30:00,841.57,0.65,31.74,19,6,1
2024-07-28 19:45:00,869.82,0.65,32.39,19,6,1
2024-07-28 20:00:00,815.87,0.65,31.76,20,6,1
2024-07-28 20:15:00,815.33,0.65,30.74,20,6,1
2024-07-28 20:30:00,798.47,0.65,29.98,20,6,1
2024-07-28 20:45:00,765.18,0.65,28.82,20,6,1
2024-07-28 21:00:00,801.81,0.65,30.28,21,6,1
2024-07-28 21:15:00,825.17,0.65,28.36,21,6,1
2024-07-28 21:30:00,799.3,0.65,29.29,21,6,1
2024-07-28 21:45:00,818.6,0.65,28.62,21,6,1
2024-07-28 22:00:00,774.91,0.65,28.99,22,6,1
2024-07-28 22:15:00,799.37,0.65,27.83,22,6,1
2024-07-28 22:30:00,785.01,0.65,27.44,22,6,1
2024-07-28 22:45:00,817.93,0.65,27.93,22,6,1
2024-07-28 23:00:00,800.76,0.65,27.27,23,6,1
2024-07-28 23:15:00,816.56,0.65,26.92,23,6,1
2024-07-28 23:30:00,826.11,0.65,26.72,23,6,1
2024-07-28 23:45:00,816.6,0.65,24.82,23,6,1
2024-07-29 00:00:00,806.55,0.247,26.36,0,0,0
2024-07-29 00:15:00,776.04,0.247,25.98,0,0,0
2024-07-29 00:30:00,799.93,0.247,24.43,0,0,0
2024-07-29 00:45:00,787.21,0.247,24.82,0,0,0
2024-07-29 01:00:00,791.74,0.247,24.77,1,0,0
2024-07-29 01:15:00,791.01,0.247,24.51,1,0,0
2024-07-29 01:30:00,776.48,0.247,24.72,1,0,0
2024-07-29 01:45:00,753.02,0.247,25.46,1,0,0
2024-07-29 02:00:00,783.96,0.247,25.07,2,0,0
2024-07-29 02:15:00,804.64,0.247,23.07,2,0,0
2024-07-29 02:30:00,767.64,0.247,24.55,2,0,0
2024-07-29 02:45:00,800.38,0.247,25.08,2,0,0
2024-07-29 03:00:00,845.61,0.247,24.31,3,0,0
2024-07-29 03:15:00,824.55,0.247,24.89,3,0,0
2024-07-29 03:30:00,839.44,0.247,25.66,3,0,0
2024-07-29 03:45:00,809.39,0.247,24.93,3,0,0
2024-07-29 04:00:00,828.02,0.247,24.4,4,0,0
2024-07-29 04:15:00,782.62,0.247,25.15,4,0,0
2024-07-29 04:30:00,784.54,0.247,24.57,4,0,0
2024-07-29 04:45:00,734.26,0.247,24.64,4,0,0
2024-07-29 05:00:00,828.47,0.247,24.52,5,0,0
2024-07-29 05:15:00,836.97,0.247,26.26,5,0,0
2024-07-29 05:30:00,786.72,0.247,24.59,5,0,0
2024-07-29 05:45:00,793.91,0.247,26.71,5,0,0
2024-07-29 06:00:00,781.91,0.247,26.16,6,0,0
2024-07-29 06:15:00,809.18,0.247,24.92,6,0,0
2024-07-29 06:30:00,827.0,0.247,26.64,6,0,0
2024-07-29 06:45:00,758.17,0.247,24.99,6,0,0
2024-07-29 07:00:00,809.83,0.247,27.5,7,0,0
2024-07-29 07:15:00,876.98,0.247,28.05,7,0,0
2024-07-29 07:30:00,1098.93,0.247,27.23,7,0,0
2024-07-29 07:45:00,1390.74,0.247,28.17,7,0,0
2024-07-29 08:00:00,1700.89,0.65,30.01,8,0,0
2024-07-29 08:15:00,1638.07,0.65,28.42,8,0,0
2024-07-29 08:30:00,1644.87,0.65,28.37,8,0,0
2024-07-29 08:45:00,1852.69,0.65,30.79,8,0,0
2024-07-29 09:00:00,1879.11,0.65,31.57,9,0,0
2024-07-29 09:15:00,1814.64,0.65,30.4,9,0,0
2024-07-29 09:30:00,1804.9,0.65,31.59,9,0,0
2024-07-29 09:45:00,1895.65,0.65,32.24,9,0,0
2024-07-29 10:00:00,1898.19,1.105,30.96,10,0,0
2024-07-29 10:15:00,1880.82,1.105,31.54,10,0,0
2024-07-29 10:30:00,2008.15,1.105,33.28,10,0,0
2024-07-29 10:45:00,2105.9,1.105,34.0,10,0,0
2024-07-29 11:00:00,2019.01,1.38125,33.45,11,0,0
2024-07-29 11:15:00,1904.7,1.38125,32.63,11,0,0
2024-07-29 11:30:00,1992.19,1.38125,35.24,11,0,0
2024-07-29 11:45:00,1767.27,1.38125,33.53,11,0,0
2024-07-29 12:00:00,1622.63,0.65,33.97,12,0,0
2024-07-29 12:15:00,1650.72,0.65,34.78,12,0,0
2024-07-29 12:30:00,1741.56,0.65,36.0,12,0,0
2024-07-29 12:45:00,1698.73,0.65,35.67,12,0,0
2024-07-29 13:00:00,2080.05,0.65,35.53,13,0,0
2024-07-29 13:15:00,2008.74,0.65,35.75,13,0,0
2024-07-29 13:30:00,2061.73,0.65,35.58,13,0,0
2024-07-29 13:45:00,2191.88,0.65,36.13,13,0,0
2024-07-29 14:00:00,2141.93,1.105,33.77,14,0,0
2024-07-29 14:15:00,2143.09,1.105,35.65,14,0,0
2024-07-29 14:30:00,2204.86,1.105,36.14,14,0,0
2024-07-29 14:45:00,2188.4,1.105,35.07,14,0,0
2024-07-29 15:00:00,2147.97,1.38125,36.31,15,0,0
2024-07-29 15:15:00,2200.2,1.38125,35.82,15,0,0
2024-07-29 15:30:00,2213.43,1.38125,37.35,15,0,0
2024-07-29 15:45:00,2309.45,1.38125,37.14,15,0,0
2024-07-29 16:00:00,2161.12,1.38125,35.42,16,0,0
2024-07-29 16:15:00,2174.86,1.38125,35.56,16,0,0
2024-07-29 16:30:00,2095.91,1.38125,35.48,16,0,0
2024-07-29 16:45:00,2158.93,1.38125,35.02,16,0,0
2024-07-29 17:00:00,2258.59,1.105,35.35,17,0,0
2024-07-29 17:15:00,2001.1,1.105,34.38,17,0,0
2024-07-29 17:30:00,2005.12,1.105,33.86,17,0,0
2024-07-29 17:45:00,2095.35,1.105,35.01,17,0,0
2024-07-29 18:00:00,1604.32,1.105,34.75,18,0,0
2024-07-29 18:15:00,1447.1,1.105,33.31,18,0,0
2024-07-29 18:30:00,1353.08,1.105,34.37,18,0,0
2024-07-29 18:45:00,1438.61,1.105,32.83,18,0,0
2024-07-29 19:00:00,1392.71,0.65,33.2,19,0,0
2024-07-29 19:15:00,1260.85,0.65,33.31,19,0,0
2024-07-29 19:30:00,1234.61,0.65,32.27,19,0,0
2024-07-29 19:45:00,1281.63,0.65,32.29,19,0,0
2024-07-29 20:00:00,1200.36,0.65,31.14,20,0,0
2024-07-29 20:15:00,1144.36,0.65,31.01,20,0,0
2024-07-29 20:30:00,1061.62,0.65,30.62,20,0,0
2024-07-29 20:45:00,1011.44,0.65,29.8,20,0,0
2024-07-29 21:00:00,975.14,0.65,29.86,21,0,0
2024-07-29 21:15:00,934.13,0.65,28.37,21,0,0
2024-07-29 21:30:00,862.66,0.65,28.82,21,0,0
2024-07-29 21:45:00,828.45,0.65,28.6,21,0,0
2024-07-29 22:00:00,833.37,0.65,28.24,22,0,0
2024-07-29 22:15:00,798.94,0.65,27.88,22,0,0
2024-07-29 22:30:00,833.08,0.65,27.65,22,0,0
2024-07-29 22:45:00,783.88,0.65,27.73,22,0,0
2024-07-29 23:00:00,798.69,0.65,27.7,23,0,0
2024-07-29 23:15:00,777.86,0.65,26.15,23,0,0
2024-07-29 23:30:00,800.18,0.65,25.38,23,0,0
2024-07-29 23:45:00,764.51,0.65,25.21,23,0,0
2024-07-30 00:00:00,788.3,0.247,25.37,0,1,0
2024-07-30 00:15:00,765.53,0.247,25.21,0,1,0
2024-07-30 00:30:00,816.65,0.247,24.62,0,1,0
2024-07-30 00:45:00,817.2,0.247,23.97,0,1,0
2024-07-30 01:00:00,758.47,0.247,24.44,1,1,0
2024-07-30 01:15:00,832.01,0.247,24.76,1,1,0
2024-07-30 01:30:00,859.94,0.247,24.93,1,1,0
2024-07-30 01:45:00,801.1,0.247,23.87,1,1,0
2024-07-30 02:00:00,784.61,0.247,23.87,2,1,0
2024-07-30 02:15:00,867.78,0.247,23.37,2,1,0
2024-07-30 02:30:00,768.34,0.247,24.03,2,1,0
2024-07-30 02:45:00,800.48,0.247,23.33,2,1,0
2024-07-30 03:00:00,804.31,0.247,24.46,3,1,0
2024-07-30 03:15:00,832.28,0.247,22.58,3,1,0
2024-07-30 03:30:00,808.63,0.247,23.76,3,1,0
2024-07-30 03:45:00,788.03,0.247,24.36,3,1,0
2024-07-30 04:00:00,777.17,0.247,24.35,4,1,0
2024-07-30 04:15:00,791.8,0.247,26.47,4,1,0
2024-07-30 04:30:00,775.83,0.247,24.74,4,1,0
2024-07-30 04:45:00,801.15,0.247,23.82,4,1,0
2024-07-30 05:00:00,786.46,0.247,24.73,5,1,0
2024-07-30 05:15:00,764.14,0.247,23.59,5,1,0
2024-07-30 05:30:00,830.12,0.247,25.18,5,1,0
2024-07-30 05:45:00,788.06,0.247,24.82,5,1,0
2024-07-30 06:00:00,769.56,0.247,26.49,6,1,0
2024-07-30 06:15:00,795.96,0.247,25.6,6,1,0
2024-07-30 06:30:00,801.64,0.247,26.25,6,1,0
2024-07-30 06:45:00,758.08,0.247,26.16,6,1,0
2024-07-30 07:00:00,807.96,0.247,28.39,7,1,0
2024-07-30 07:15:00,829.55,0.247,27.09,7,1,0
2024-07-30 07:30:00,1226.37,0.247,29.17,7,1,0
2024-07-30 07:45:00,1418.45,0.247,28.72,7,1,0
2024-07-30 08:00:00,1628.94,0.65,28.83,8,1,0
2024-07-30 08:15:00,1642.7,0.65,29.12,8,1,0
2024-07-30 08:30:00,1712.26,0.65,29.53,8,1,0
2024-07-30 08:45:00,1683.51,0.65,28.07,8,1,0
2024-07-30 09:00:00,1756.99,0.65,29.78,9,1,0
2024-07-30 09:15:00,1827.54,0.65,31.07,9,1,0
2024-07-30 09:30:00,1833.06,0.65,30.74,9,1,0
2024-07-30 09:45:00,1763.87,0.65,30.05,9,1,0
2024-07-30 10:00:00,1859.45,1.105,31.51,10,1,0
2024-07-30 10:15:00,1851.57,1.105,33.29,10,1,0
2024-07-30 10:30:00,2027.44,1.105,33.29,10,1,0
2024-07-30 10:45:00,1940.73,1.105,32.6,10,1,0
2024-07-30 11:00:00,1929.07,1.38125,33.76,11,1,0
2024-07-30 11:15:00,2031.0,1.38125,33.04,11,1,0
2024-07-30 11:30:00,1870.09,1.38125,32.29,11,1,0
2024-07-30 11:45:00,1838.22,1.38125,33.22,11,1,0
2024-07-30 12:00:00,1742.28,0.65,35.49,12,1,0
2024-07-30 12:15:00,1664.67,0.65,34.29,12,1,0
2024-07-30 12:30:00,1676.85,0.65,34.57,12,1,0
2024-07-30 12:45:00,1644.15,0.65,34.75,12,1,0
2024-07-30 13:00:00,2195.18,0.65,36.72,13,1,0
2024-07-30 13:15:00,2156.45,0.65,36.68,13,1,0
2024-07-30 13:30:00,2255.33,0.65,37.32,13,1,0
2024-07-30 13:45:00,2007.28,0.65,35.55,13,1,0
2024-07-30 14:00:00,2135.59,1.105,36.03,14,1,0
2024-07-30 14:15:00,2202.7,1.105,34.67,14,1,0
2024-07-30 14:30:00,2187.61,1.105,37.13,14,1,0
2024-07-30 14:45:00,2088.31,1.105,35.05,14,1,0
2024-07-30 15:00:00,2164.36,1.38125,36.17,15,1,0
2024-07-30 15:15:00,2057.93,1.38125,35.11,15,1,0
2024-07-30 15:30:00,2014.46,1.38125,35.48,15,1,0
2024-07-30 15:45:00,2126.94,1.38125,35.21,15,1,0
2024-07-30 16:00:00,2153.66,1.38125,35.31,16,1,0
2024-07-30 16:15:00,2134.63,1.38125,35.25,16,1,0
2024-07-30 16:30:00,2115.67,1.38125,35.1,16,1,0
2024-07-30 16:45:00,2174.71,1.38125,36.05,16,1,0
2024-07-30 17:00:00,2130.8,1.105,34.31,17,1,0
2024-07-30 17:15:00,2095.18,1.105,35.17,17,1,0
2024-07-30 17:30:00,2093.57,1.105,35.73,17,1,0
2024-07-30 17:45:00,2013.45,1.105,34.1,17,1,0
2024-07-30 18:00:00,1548.52,1.105,33.67,18,1,0
2024-07-30 18:15:00,1553.78,1.105,33.77,18,1,0
2024-07-30 18:30:00,1459.83,1.105,34.6,18,1,0
2024-07-30 18:45:00,1412.21,1.105,33.49,18,1,0
2024-07-30 19:00:00,1351.34,0.65,32.58,19,1,0
2024-07-30 19:15:00,1281.12,0.65,33.04,19,1,0
2024-07-30 19:30:00,1227.42,0.65,31.41,19,1,0
2024-07-30 19:45:00,1176.31,0.65,32.47,19,1,0
2024-07-30 20:00:00,1113.25,0.65,31.88,20,1,0
2024-07-30 20:15:00,1122.28,0.65,30.92,20,1,0
2024-07-30 20:30:00,1038.88,0.65,30.11,20,1,0
2024-07-30 20:45:00,1011.53,0.65,29.68,20,1,0
2024-07-30 21:00:00,995.63,0.65,30.43,21,1,0
2024-07-30 21:15:00,940.07,0.65,30.59,21,1,0
2024-07-30 21:30:00,881.44,0.65,28.71,21,1,0
2024-07-30 21:45:00,833.17,0.65,29.2,21,1,0
2024-07-30 22:00:00,833.38,0.65,26.78,22,1,0
2024-07-30 22:15:00,767.46,0.65,27.6,22,1,0
2024-07-30 22:30:00,795.3,0.65,27.68,22,1,0
2024-07-30 22:45:00,774.99,0.65,26.62,22,1,0
2024-07-30 23:00:00,813.69,0.65,26.25,23,1,0
2024-07-30 23:15:00,792.05,0.65,26.13,23,1,0
2024-07-30 23:30:00,787.55,0.65,26.58,23,1,0
2024-07-30 23:45:00,820.48,0.65,25.89,23,1,0
